-- MySQL dump 10.13  Distrib 5.7.17, for macos10.12 (x86_64)
--
-- Host: 127.0.0.1    Database: prepare
-- ------------------------------------------------------
-- Server version	5.7.18

/*!40101 SET @OLD_CHARACTER_SET_CLIENT=@@CHARACTER_SET_CLIENT */;
/*!40101 SET @OLD_CHARACTER_SET_RESULTS=@@CHARACTER_SET_RESULTS */;
/*!40101 SET @OLD_COLLATION_CONNECTION=@@COLLATION_CONNECTION */;
/*!40101 SET NAMES utf8 */;
/*!40103 SET @OLD_TIME_ZONE=@@TIME_ZONE */;
/*!40103 SET TIME_ZONE='+00:00' */;
/*!40014 SET @OLD_UNIQUE_CHECKS=@@UNIQUE_CHECKS, UNIQUE_CHECKS=0 */;
/*!40014 SET @OLD_FOREIGN_KEY_CHECKS=@@FOREIGN_KEY_CHECKS, FOREIGN_KEY_CHECKS=0 */;
/*!40101 SET @OLD_SQL_MODE=@@SQL_MODE, SQL_MODE='NO_AUTO_VALUE_ON_ZERO' */;
/*!40111 SET @OLD_SQL_NOTES=@@SQL_NOTES, SQL_NOTES=0 */;

--
-- Table structure for table `COURSE`
--

DROP TABLE IF EXISTS `COURSE`;
/*!40101 SET @saved_cs_client     = @@character_set_client */;
/*!40101 SET character_set_client = utf8 */;
CREATE TABLE `COURSE` (
  `COURSE_ID` int(11) NOT NULL AUTO_INCREMENT,
  `COURSE_NAME` varchar(255) DEFAULT NULL,
  `id` int(10) unsigned NOT NULL,
  `COURSE_NUMBER` varchar(255) DEFAULT NULL,
  `CREATED_AT` datetime DEFAULT CURRENT_TIMESTAMP,
  `UPDATE_AT` datetime DEFAULT CURRENT_TIMESTAMP,
  `DEPARTMENT` varchar(45) DEFAULT NULL,
  PRIMARY KEY (`COURSE_ID`)
) ENGINE=InnoDB AUTO_INCREMENT=42 DEFAULT CHARSET=latin1;
/*!40101 SET character_set_client = @saved_cs_client */;

--
-- Dumping data for table `COURSE`
--

LOCK TABLES `COURSE` WRITE;
/*!40000 ALTER TABLE `COURSE` DISABLE KEYS */;
INSERT INTO `COURSE` VALUES (36,'Right Main Stem Intubation',1,NULL,'2018-08-31 13:00:59','2018-08-31 13:00:59',NULL),(37,'PFC',1,NULL,'2018-08-31 14:08:32','2018-08-31 14:08:32',NULL),(38,'Anesthesiology 1',1,NULL,'2018-09-17 13:22:08','2018-09-17 13:22:08',NULL),(39,'difficult airway',1,NULL,'2018-09-19 09:01:57','2018-09-19 09:01:57',NULL),(40,'Pediatric Asthma',1,NULL,'2018-09-27 13:11:02','2018-09-27 13:11:02',NULL),(41,'Neonatal Fever / paramedic',1,NULL,'2018-09-28 11:16:14','2018-09-28 11:16:14',NULL);
/*!40000 ALTER TABLE `COURSE` ENABLE KEYS */;
UNLOCK TABLES;

--
-- Table structure for table `EVENTS`
--

DROP TABLE IF EXISTS `EVENTS`;
/*!40101 SET @saved_cs_client     = @@character_set_client */;
/*!40101 SET character_set_client = utf8 */;
CREATE TABLE `EVENTS` (
  `EVENT_ID` int(11) NOT NULL AUTO_INCREMENT,
  `SCENARIO_ID` int(11) NOT NULL,
  `EVENT_NAME` varchar(255) NOT NULL,
  `TIME_DURATION` int(11) DEFAULT NULL,
  `TIME_START` int(11) NOT NULL,
  `SKILL_TYPE` varchar(255) NOT NULL,
  `SPECIFIC_SKILL` varchar(255) NOT NULL,
  `WEIGHTAGE` int(11) DEFAULT NULL,
  `CREATED_AT` datetime DEFAULT CURRENT_TIMESTAMP,
  `UPDATE_AT` datetime DEFAULT CURRENT_TIMESTAMP,
  `HEART_RATE` int(11) DEFAULT NULL,
  `SYSTOLIC_BP` int(11) DEFAULT NULL,
  `DISTOLIC_BP` int(11) DEFAULT NULL,
  `SPO2` int(11) DEFAULT NULL,
  `R_RATE` int(11) DEFAULT NULL,
  `CARDIAC_RYTHM` varchar(255) DEFAULT NULL,
  `SCENARIO_ROLE_ID` int(11) NOT NULL,
  `OBJECTIVES` mediumtext,
  PRIMARY KEY (`EVENT_ID`)
) ENGINE=InnoDB AUTO_INCREMENT=140 DEFAULT CHARSET=latin1;
/*!40101 SET character_set_client = @saved_cs_client */;

--
-- Dumping data for table `EVENTS`
--

LOCK TABLES `EVENTS` WRITE;
/*!40000 ALTER TABLE `EVENTS` DISABLE KEYS */;
INSERT INTO `EVENTS` VALUES (15,17,'Unresponsive patient',NULL,3,'psychomotor','dexterity',NULL,'2017-09-18 19:52:45','2017-09-18 19:52:45',-1,-1,-1,-1,-1,'no info',15,NULL),(16,17,'Heart Rate Drop',NULL,18,'psychomotor','dexterity',NULL,'2017-09-18 19:55:18','2017-09-18 19:55:18',-1,-1,-1,-1,-1,'no info',15,NULL),(17,17,'Cardiac Arrest',NULL,36,'cognitive','critical/clinical decision making',NULL,'2017-09-18 19:55:49','2017-09-18 19:55:49',-1,-1,-1,-1,-1,'no info',14,NULL),(18,17,'Abdomen Inflammation',NULL,50,'behavioral','judgment',NULL,'2017-09-18 19:56:54','2017-09-18 19:56:54',-1,-1,-1,-1,-1,'no info',14,NULL),(19,17,'Apply Turnicate',NULL,52,'psychomotor','coping strategies/psychological resilience (to stressful situations)',NULL,'2017-09-18 20:48:18','2017-09-18 20:48:18',-1,-1,-1,-1,-1,'no info',15,NULL),(26,19,'Intial assessment',NULL,120,'psychomotor','task prioritization',NULL,'2017-11-13 11:37:04','2017-11-13 11:37:04',128,88,58,88,24,'Sinus Tachycardia',22,NULL),(27,19,'Order diagnostic tests and labs',NULL,240,'cognitive','critical/clinical decision making',NULL,'2017-11-13 11:39:56','2017-11-13 11:39:56',125,86,56,88,24,'Sinus Tachycardia',22,NULL),(28,19,'Start fluid recessitation, blood infusion, Meds.',NULL,360,'psychomotor','critical/clinical decision making',NULL,'2017-11-13 11:43:11','2017-11-13 11:43:11',128,84,64,87,24,'Sinus Tachycardia',24,NULL),(29,19,'Airway control',NULL,120,'psychomotor','critical/clinical decision making',NULL,'2017-11-13 11:44:35','2017-11-13 11:44:35',124,88,58,88,24,'Sinus Tachycardia',24,NULL),(30,19,'RSI sedation',NULL,100,'psychomotor','medical/procedural knowledge',NULL,'2017-11-13 11:47:17','2017-11-13 11:47:17',125,88,58,88,24,'Sinus Tachycardia',24,NULL),(31,19,'Begin surgery',NULL,400,'psychomotor','medical/procedural knowledge',NULL,'2017-11-13 11:49:47','2017-11-13 11:49:47',128,82,54,90,-1,'Sinus with PVCs: 10%',22,NULL),(32,19,'Give anti arrythmic for frequent PVC\'s',NULL,430,'psychomotor','critical/clinical decision making',NULL,'2017-11-13 11:52:32','2017-11-13 11:52:32',128,90,60,95,-1,'Sinus with PVCs: 25%',22,NULL),(33,19,'Assessment',NULL,90,'psychomotor','critical/clinical decision making',NULL,'2017-11-13 11:54:18','2017-11-13 11:54:18',124,88,58,88,24,'Sinus Tachycardia',22,NULL),(34,19,'Prep patient',NULL,60,'psychomotor','medical/procedural knowledge',NULL,'2017-11-13 11:56:21','2017-11-13 11:56:21',128,88,58,88,24,'Sinus Tachycardia',23,NULL),(35,19,'Repair aortic tear',NULL,500,'psychomotor','medical/procedural knowledge',NULL,'2017-11-13 11:58:02','2017-11-13 11:58:02',115,90,60,96,-1,'Sinus Tachycardia',22,NULL),(36,19,'assist surgeon',NULL,400,'cognitive','critical/clinical decision making',NULL,'2017-11-13 12:02:37','2017-11-13 12:02:37',128,88,58,95,-1,'Sinus Tachycardia',23,NULL),(37,19,'close patient',NULL,800,'psychomotor','medical/procedural knowledge',NULL,'2017-11-13 12:03:55','2017-11-13 12:03:55',100,100,66,96,-1,'Sinus',22,NULL),(38,19,'recover patient',NULL,800,'cognitive','critical/clinical decision making',NULL,'2017-11-13 12:04:59','2017-11-13 12:04:59',100,100,66,96,-1,'Sinus',23,NULL),(39,19,'Recover patient',NULL,810,'psychomotor','critical/clinical decision making',NULL,'2017-11-13 12:06:35','2017-11-13 12:06:35',100,100,60,96,16,'Sinus',24,NULL),(51,23,'Initial Assessment',NULL,10,'cognitive','critical/clinical decision making',NULL,'2017-11-17 12:11:07','2017-11-17 12:11:07',-1,-1,-1,-1,-1,'no info',28,NULL),(52,23,'Airway Assessment',NULL,40,'cognitive','critical/clinical decision making',NULL,'2017-11-17 12:11:30','2017-11-17 12:11:30',-1,-1,-1,-1,-1,'no info',28,NULL),(53,23,'Intubation',NULL,90,'psychomotor','task efficiency (defined as both speed and quality of intervention)',NULL,'2017-11-17 12:11:58','2017-11-17 12:11:58',-1,-1,-1,-1,-1,'no info',28,NULL),(54,23,'Order diagnostic tests and labs',NULL,180,'psychomotor','dexterity',NULL,'2017-11-17 12:15:19','2017-11-17 12:15:19',-1,-1,-1,-1,-1,'no info',28,NULL),(55,23,'Start fluid recessitation, blood infusion, Meds.',NULL,195,'cognitive','critical/clinical decision making',NULL,'2017-11-17 12:15:47','2017-11-17 12:15:47',-1,-1,-1,-1,-1,'no info',28,NULL),(56,23,'Start fluid recessitation, blood infusion, Meds.',NULL,279,'cognitive','critical/clinical decision making',NULL,'2017-11-17 12:16:11','2017-11-17 12:16:11',-1,-1,-1,-1,-1,'no info',28,NULL),(57,23,'Start fluid recessitation, blood infusion, Meds.',NULL,360,'psychomotor','critical/clinical decision making',NULL,'2017-11-17 12:16:25','2017-11-17 12:16:25',-1,-1,-1,-1,-1,'no info',28,NULL),(58,23,'Start fluid recessitation, blood infusion, Meds.',NULL,530,'psychomotor','critical/clinical decision making',NULL,'2017-11-17 12:16:49','2017-11-17 12:16:49',-1,-1,-1,-1,-1,'no info',28,NULL),(59,23,'Start fluid recessitation, blood infusion, Meds.',NULL,550,'behavioral','judgment',NULL,'2017-11-17 12:17:05','2017-11-17 12:17:05',-1,-1,-1,-1,-1,'no info',28,NULL),(62,23,'Start fluid recessitation, blood infusion, Meds.',NULL,590,'psychomotor','judgment',NULL,'2017-11-17 12:19:11','2017-11-17 12:19:11',-1,-1,-1,-1,-1,'no info',28,NULL),(63,23,'Start fluid recessitation, blood infusion, Meds.',NULL,720,'behavioral','judgment',NULL,'2017-11-17 12:19:27','2017-11-17 12:19:27',-1,-1,-1,-1,-1,'no info',28,NULL),(64,23,'Start fluid recessitation, blood infusion, Meds.',NULL,810,'psychomotor','judgment',NULL,'2017-11-17 12:19:41','2017-11-17 12:19:41',-1,-1,-1,-1,-1,'no info',28,NULL),(65,27,'Initial Patient Assessment',NULL,10,'cognitive','task prioritization',NULL,'2018-04-02 10:53:56','2018-04-02 10:53:56',80,110,80,100,11,'Sinus',32,NULL),(66,27,'Induction',NULL,60,'psychomotor','task efficiency (defined as both speed and quality of intervention)',NULL,'2018-04-02 10:55:49','2018-04-02 10:55:49',80,110,80,100,11,'Sinus',32,NULL),(67,27,'Desaturation',NULL,150,'cognitive','critical/clinical decision making',NULL,'2018-04-02 11:04:30','2018-04-02 11:04:30',80,110,80,89,11,'Sinus',32,NULL),(68,27,'Check Breath Status',NULL,180,'behavioral','judgment',NULL,'2018-04-02 11:07:20','2018-04-02 11:07:20',80,110,80,89,11,'Sinus',32,NULL),(69,27,'Recheck Patient Status',NULL,210,'cognitive','critical/clinical decision making',NULL,'2018-04-02 11:11:41','2018-04-02 11:11:41',80,110,80,89,11,'Sinus',32,NULL),(70,28,'Double Lumen Tube Insertion',NULL,10,'psychomotor','dexterity',NULL,'2018-04-03 11:13:46','2018-04-03 11:13:46',-1,-1,-1,-1,-1,'no info',33,NULL),(71,28,'Desaturation',NULL,40,'behavioral','judgment',NULL,'2018-04-03 11:14:26','2018-04-03 11:14:26',-1,-1,-1,-1,-1,'no info',33,NULL),(72,28,'Increased peep to L Lung',NULL,120,'cognitive','critical/clinical decision making',NULL,'2018-04-03 11:19:48','2018-04-03 11:19:48',-1,-1,-1,-1,-1,'no info',33,NULL),(75,28,'Inform Surgeon of Desaturation',NULL,150,'behavioral','communication.',NULL,'2018-04-03 11:28:55','2018-04-03 11:28:55',-1,-1,-1,-1,-1,'no info',33,NULL),(76,28,'Increase FiO2 to L Lung',NULL,190,'cognitive','critical/clinical decision making',NULL,'2018-04-03 11:30:12','2018-04-03 11:30:12',-1,-1,-1,-1,-1,'no info',33,NULL),(77,28,'Add cpap to R Lung',NULL,240,'cognitive','critical/clinical decision making',NULL,'2018-04-03 11:30:58','2018-04-03 11:30:58',-1,-1,-1,-1,-1,'no info',33,NULL),(78,28,'Lung Ventilation',NULL,288,'psychomotor','dexterity',NULL,'2018-04-03 11:33:07','2018-04-03 11:33:07',-1,-1,-1,-1,-1,'no info',33,NULL),(79,28,'Check Tube Position',NULL,336,'psychomotor','speed of skill',NULL,'2018-04-03 11:37:39','2018-04-03 11:37:39',-1,-1,-1,-1,-1,'no info',33,NULL),(80,29,'Initial Patient Assessment',NULL,10,'cognitive','task prioritization',NULL,'2018-04-05 13:10:16','2018-04-05 13:10:16',80,112,80,100,11,'Sinus',34,NULL),(81,29,'Induction',NULL,35,'psychomotor','task efficiency (defined as both speed and quality of intervention)',NULL,'2018-04-05 13:10:54','2018-04-05 13:10:54',80,110,80,100,11,'no info',34,NULL),(82,29,'Desaturation',NULL,50,'cognitive','critical/clinical decision making',NULL,'2018-04-05 13:11:37','2018-04-05 13:11:37',80,110,80,89,11,'Sinus',34,NULL),(83,29,'Check Breathing Status',NULL,72,'behavioral','judgment',NULL,'2018-04-05 13:12:09','2018-04-05 13:12:09',-1,-1,-1,-1,-1,'no info',34,NULL),(84,29,'Recheck Patient Status',NULL,90,'cognitive','critical/clinical decision making',NULL,'2018-04-05 13:12:54','2018-04-05 13:12:54',80,110,90,89,11,'Sinus',34,NULL),(85,30,'Recognition of V-Fib',NULL,20,'cognitive','task prioritization',NULL,'2018-07-19 12:57:30','2018-07-19 12:57:30',-1,-1,-1,-1,-1,'no info',35,NULL),(86,30,'Initial Treatment and Management of V-Fib',NULL,60,'psychomotor','speed of skill',NULL,'2018-07-19 13:00:28','2018-07-19 13:00:28',-1,-1,-1,-1,-1,'no info',35,NULL),(87,30,'Asystole',NULL,240,'cognitive','task prioritization',NULL,'2018-07-19 13:01:52','2018-07-19 13:01:52',-1,-1,-1,-1,-1,'no info',35,NULL),(88,30,'Initial Treatment and management of Asystole',NULL,280,'psychomotor','dexterity',NULL,'2018-07-19 13:02:49','2018-07-19 13:02:49',-1,-1,-1,-1,-1,'no info',35,NULL),(89,30,'Recognition of PEA',NULL,500,'cognitive','task prioritization',NULL,'2018-07-19 13:03:50','2018-07-19 13:03:50',-1,-1,-1,-1,-1,'no info',35,NULL),(90,30,'Treatment of PEA',NULL,540,'psychomotor','dexterity',NULL,'2018-07-19 13:04:20','2018-07-19 13:04:20',-1,-1,-1,-1,-1,'no info',35,NULL),(91,30,'Recognition of 3rd degree block',NULL,840,'cognitive','task prioritization',NULL,'2018-07-19 13:05:24','2018-07-19 13:05:24',-1,-1,-1,-1,-1,'no info',35,NULL),(92,30,'Treatement and management of 3rd degree block',NULL,920,'psychomotor','dexterity',NULL,'2018-07-19 13:06:14','2018-07-19 13:06:14',-1,-1,-1,-1,-1,'no info',35,NULL),(93,31,'event 1',NULL,20,'cognitive','critical/clinical decision making',NULL,'2018-08-28 07:53:46','2018-08-28 07:53:46',-1,-1,-1,-1,-1,'no info',36,NULL),(94,32,'Initial Patient Assessment',NULL,10,'cognitive','task prioritization',NULL,'2018-08-31 13:05:10','2018-08-31 13:05:10',-1,-1,-1,-1,-1,'no info',37,NULL),(95,32,'Induction',NULL,30,'psychomotor','task efficiency (defined as both speed and quality of intervention)',NULL,'2018-08-31 13:05:47','2018-08-31 13:05:47',-1,-1,-1,-1,-1,'no info',37,NULL),(96,32,'Desaturation',NULL,50,'cognitive','critical/clinical decision making',NULL,'2018-08-31 13:06:22','2018-08-31 13:06:22',-1,-1,-1,-1,-1,'no info',37,NULL),(97,32,'Check Breathing Status',NULL,70,'behavioral','judgment',NULL,'2018-08-31 13:06:43','2018-08-31 13:06:43',-1,-1,-1,-1,-1,'no info',37,NULL),(98,32,'Recheck Patient Status',NULL,85,'cognitive','critical/clinical decision making',NULL,'2018-08-31 13:07:05','2018-08-31 13:07:05',-1,-1,-1,-1,-1,'no info',37,NULL),(99,33,'IV',NULL,3600,'psychomotor','time to initiation of care',NULL,'2018-08-31 14:19:06','2018-08-31 14:19:06',-1,-1,-1,-1,-1,'no info',38,NULL),(100,33,'Burn Treatment',NULL,7200,'psychomotor','task efficiency (defined as both speed and quality of intervention)',NULL,'2018-08-31 14:21:31','2018-08-31 14:21:31',-1,-1,-1,-1,-1,'no info',38,NULL),(101,33,'Initial Patient Assessment',NULL,60,'cognitive','task prioritization',NULL,'2018-08-31 14:22:11','2018-08-31 14:22:11',-1,-1,-1,-1,-1,'no info',38,NULL),(102,34,'Initial Patient Assessment',NULL,30,'cognitive','task prioritization',NULL,'2018-09-17 13:32:40','2018-09-17 13:32:40',100,120,80,95,14,'Sinus',39,NULL),(103,34,'Induction',NULL,120,'cognitive','critical/clinical decision making',NULL,'2018-09-17 13:33:16','2018-09-17 13:33:16',100,120,80,95,14,'Sinus',39,NULL),(104,34,'Detection of MH',NULL,300,'cognitive','medical/procedural knowledge',NULL,'2018-09-17 13:34:44','2018-09-17 13:34:44',-1,-1,-1,-1,-1,'no info',39,NULL),(105,34,'Administration of Dantrolene',NULL,360,'cognitive','critical/clinical decision making',NULL,'2018-09-17 13:37:43','2018-09-17 13:37:43',-1,-1,-1,-1,-1,'no info',39,NULL),(106,35,'assess airway',NULL,60,'cognitive','critical/clinical decision making',NULL,'2018-09-19 09:44:04','2018-09-19 09:44:04',123,180,90,95,22,'Atrial Fibrillation',40,NULL),(112,36,'Survey the scene for safety',NULL,60,'cognitive','critical/clinical decision making',NULL,'2018-09-28 10:39:04','2018-09-28 10:39:04',-1,-1,-1,1,-1,'no info',43,'Effectively communicates with other members of the healthcare team.,Follows local protocols.'),(113,36,'Use proper BSI',NULL,90,'behavioral','judgment',NULL,'2018-09-28 10:40:36','2018-09-28 10:40:36',-1,-1,-1,1,-1,'no info',43,'Follows local protocols.'),(114,36,'Completes Primary and secondary assessment',NULL,140,'cognitive','task prioritization',NULL,'2018-09-28 10:42:18','2018-09-28 10:42:18',-1,-1,-1,1,-1,'no info',43,'Demonstrates proficiency in conducting a primary and secondary assessment.'),(115,36,'Initiates O2 saturation monitoring',NULL,190,'psychomotor','task efficiency (defined as both speed and quality of intervention)',NULL,'2018-09-28 10:44:44','2018-09-28 10:44:44',-1,-1,-1,1,-1,'no info',43,'Effectively applies skills for advanced management of the airway, effective ventilation and appropriate IV drug therapy.,Demonstrates the ability to provide leadership to a team with multiple available interventions.,Follows local protocols.'),(116,36,'Established IV access',NULL,360,'psychomotor','task efficiency (defined as both speed and quality of intervention)',NULL,'2018-09-28 10:47:30','2018-09-28 10:47:30',-1,-1,-1,1,-1,'no info',43,'Effectively applies skills for advanced management of the airway, effective ventilation and appropriate IV drug therapy.,Demonstrates correct technique in establishing IV access to deliver fluid and medications.,Demonstrates the ability to provide leadership to a team with multiple available interventions.,Follows local protocols.'),(117,36,'Administers oxygen via mask',NULL,160,'psychomotor','task efficiency (defined as both speed and quality of intervention)',NULL,'2018-09-28 10:50:44','2018-09-28 10:50:44',-1,-1,-1,1,-1,'no info',43,'Effectively applies skills for advanced management of the airway, effective ventilation and appropriate IV drug therapy.,Demonstrates the ability to provide leadership to a team with multiple available interventions.,Follows local protocols.'),(118,36,'Administers proper dosage of medicine',NULL,220,'psychomotor','task efficiency (defined as both speed and quality of intervention)',NULL,'2018-09-28 10:52:57','2018-09-28 10:52:57',-1,-1,-1,1,-1,'no info',43,'Effectively applies skills for advanced management of the airway, effective ventilation and appropriate IV drug therapy.,Demonstrates the ability to provide leadership to a team with multiple available interventions.,Effectively communicates with other members of the healthcare team.,Follows local protocols.'),(119,36,'Re-assess the patient',NULL,400,'cognitive','follow-up/ongoing assessment of patient status',NULL,'2018-09-28 10:55:04','2018-09-28 10:55:04',-1,-1,-1,1,-1,'no info',43,'Effectively applies skills for advanced management of the airway, effective ventilation and appropriate IV drug therapy.,Follows local protocols.'),(120,36,'Communicate age appropriate methods to child and parents/care giver.',NULL,300,'behavioral','communication.',NULL,'2018-09-28 10:57:04','2018-09-28 10:57:04',-1,-1,-1,1,-1,'no info',43,'Communicates in age-appropriate methods to child and parents.'),(121,36,'Monitor respiratory status',NULL,420,'cognitive','follow-up/ongoing assessment of patient status',NULL,'2018-09-28 10:59:03','2018-09-28 10:59:03',-1,-1,-1,1,-1,'no info',43,'Effectively applies skills for advanced management of the airway, effective ventilation and appropriate IV drug therapy.,Follows local protocols.'),(122,36,'Administers proper dosage of medicine',NULL,510,'psychomotor','task efficiency (defined as both speed and quality of intervention)',NULL,'2018-09-28 11:01:39','2018-09-28 11:01:39',-1,-1,-1,1,-1,'no info',43,'Effectively applies skills for advanced management of the airway, effective ventilation and appropriate IV drug therapy.,Demonstrates correct technique in establishing IV access to deliver fluid and medications.,Follows local protocols.'),(123,36,'Notes Changing Conditions',NULL,580,'cognitive','follow-up/ongoing assessment of patient status',NULL,'2018-09-28 11:03:26','2018-09-28 11:03:26',-1,-1,-1,1,-1,'no info',43,'Effectively applies skills for advanced management of the airway, effective ventilation and appropriate IV drug therapy.,Demonstrates the ability to provide leadership to a team with multiple available interventions.'),(124,36,'Calls for defibrillator/monitor',NULL,600,'cognitive','medical/procedural knowledge',NULL,'2018-09-28 11:06:17','2018-09-28 11:06:17',-1,-1,-1,1,-1,'no info',43,'Effectively applies skills for advanced management of the airway, effective ventilation and appropriate IV drug therapy.,Calls for a defibrillator/monitor.,Demonstrates the ability to provide leadership to a team with multiple available interventions.,Effectively communicates with other members of the healthcare team.'),(125,36,'Re-Assess the Patient',NULL,640,'cognitive','follow-up/ongoing assessment of patient status',NULL,'2018-09-28 11:07:54','2018-09-28 11:07:54',-1,-1,-1,1,-1,'no info',43,'Effectively applies skills for advanced management of the airway, effective ventilation and appropriate IV drug therapy.,Demonstrates the ability to provide leadership to a team with multiple available interventions.'),(126,36,'Notes any changes in condition',NULL,700,'cognitive','follow-up/ongoing assessment of patient status',NULL,'2018-09-28 11:09:27','2018-09-28 11:09:27',-1,-1,-1,1,-1,'no info',43,'Effectively applies skills for advanced management of the airway, effective ventilation and appropriate IV drug therapy.,Demonstrates the ability to provide leadership to a team with multiple available interventions.,Effectively communicates with other members of the healthcare team.,Follows local protocols.'),(127,36,'Communicate in age-appropriate methods to child and parent',NULL,840,'psychomotor','critical/clinical decision making',NULL,'2018-09-28 11:10:46','2018-09-28 11:10:46',-1,-1,-1,1,-1,'no info',43,'Effectively applies skills for advanced management of the airway, effective ventilation and appropriate IV drug therapy.,Effectively communicates with other members of the healthcare team.,Communicates in age-appropriate methods to child and parents.'),(128,38,'Check Scene safety/BSI precautions',NULL,30,'behavioral','adaptability',NULL,'2018-09-28 11:30:58','2018-09-28 11:30:58',-1,-1,-1,1,-1,'no info',45,'Scene size-up.'),(129,38,'Primary Assessment',NULL,60,'psychomotor','judgment',NULL,'2018-09-28 11:32:22','2018-09-28 11:32:22',-1,-1,-1,1,-1,'no info',45,'Demonstrate ALS Neonate assessment,Recognizes characteristics of increased work of breathing,Identify primary signs utilized for evaluating neonate patients'),(130,38,'SAMPLE Hx',NULL,90,'cognitive','task prioritization',NULL,'2018-09-28 11:33:40','2018-09-28 11:33:40',-1,-1,-1,1,-1,'no info',45,'Demonstrate ALS Neonate assessment,Recognizes characteristics of increased work of breathing,Identify primary signs utilized for evaluating neonate patients,Recognize causes of shock in neonates'),(131,38,'Apply proper O2 delivery',NULL,180,'psychomotor','time to initiation of care',NULL,'2018-09-28 11:35:33','2018-09-28 11:35:33',-1,-1,-1,1,-1,'no info',45,'Recognizes characteristics of increased work of breathing,Identify primary signs utilized for evaluating neonate patients,Prepare and deliver appropriate 02 therapy,Determine when ventilator assistance is needed for neonates,Recognize causes of shock in neonates'),(132,38,'Monitor Oxygen Saturation',NULL,240,'psychomotor','task efficiency (defined as both speed and quality of intervention)',NULL,'2018-09-28 11:37:22','2018-09-28 11:37:22',-1,-1,-1,1,-1,'no info',45,'Demonstrate ALS Neonate assessment,Recognizes characteristics of increased work of breathing,Prepare and deliver appropriate 02 therapy,Determine when ventilator assistance is needed for neonates'),(133,38,'Assess Vitals',NULL,290,'psychomotor','task efficiency (defined as both speed and quality of intervention)',NULL,'2018-09-28 11:39:13','2018-09-28 11:39:13',-1,-1,-1,1,-1,'no info',45,'Demonstrate ALS Neonate assessment,Recognizes characteristics of increased work of breathing,Determine when ventilator assistance is needed for neonates'),(134,38,'Establish IV access',NULL,380,'psychomotor','dexterity',NULL,'2018-09-28 11:40:53','2018-09-28 11:40:53',-1,-1,-1,1,-1,'no info',45,'Prepare and deliver appropriate 02 therapy,Determine appropriate fluid volume ,Recognize and determine appropriate IV locations'),(135,38,'Secondary Assessment',NULL,500,'cognitive','follow-up/ongoing assessment of patient status',NULL,'2018-09-28 11:42:34','2018-09-28 11:42:34',-1,-1,-1,1,-1,'no info',45,'Demonstrate ALS Neonate assessment,Recognizes characteristics of increased work of breathing,Identify primary signs utilized for evaluating neonate patients,Determine when ventilator assistance is needed for neonates,Recognize causes of shock in neonates'),(136,38,'Makes Transport Decision',NULL,620,'cognitive','medical/procedural knowledge',NULL,'2018-09-28 11:44:46','2018-09-28 11:44:46',-1,-1,-1,1,-1,'no info',45,'Demonstrate ALS Neonate assessment,Recognizes characteristics of increased work of breathing,Identify primary signs utilized for evaluating neonate patients,Determine when ventilator assistance is needed for neonates,Recognize causes of shock in neonates'),(137,38,'Communicates with medical control',NULL,680,'behavioral','communication.',NULL,'2018-09-28 11:46:13','2018-09-28 11:46:13',-1,-1,-1,1,-1,'no info',45,'Demonstrate ALS Neonate assessment'),(138,38,'Communicates with Family and Care Givers',NULL,240,'behavioral','communication.',NULL,'2018-09-28 11:48:45','2018-09-28 11:48:45',-1,-1,-1,1,-1,'no info',45,'Communicate properly with family/care givers'),(139,38,'Communicates with Family and Care Givers',NULL,840,'behavioral','communication.',NULL,'2018-09-28 11:49:09','2018-09-28 11:49:09',-1,-1,-1,1,-1,'no info',45,'Communicate properly with family/care givers');
/*!40000 ALTER TABLE `EVENTS` ENABLE KEYS */;
UNLOCK TABLES;

--
-- Table structure for table `LEARNERS`
--

DROP TABLE IF EXISTS `LEARNERS`;
/*!40101 SET @saved_cs_client     = @@character_set_client */;
/*!40101 SET character_set_client = utf8 */;
CREATE TABLE `LEARNERS` (
  `LEARNER_ID` int(11) NOT NULL AUTO_INCREMENT,
  `LEARNER_NAME` varchar(255) DEFAULT NULL,
  `ROCKET_ID` varchar(255) NOT NULL,
  `ROLE` varchar(255) DEFAULT NULL,
  `YEARS` int(11) DEFAULT NULL,
  `FACULTY` varchar(255) DEFAULT NULL,
  `COURSE_ID` int(11) DEFAULT NULL,
  `CREATED_AT` datetime DEFAULT CURRENT_TIMESTAMP,
  `UPDATE_AT` datetime DEFAULT CURRENT_TIMESTAMP,
  PRIMARY KEY (`LEARNER_ID`)
) ENGINE=InnoDB AUTO_INCREMENT=51 DEFAULT CHARSET=latin1;
/*!40101 SET character_set_client = @saved_cs_client */;

--
-- Dumping data for table `LEARNERS`
--

LOCK TABLES `LEARNERS` WRITE;
/*!40000 ALTER TABLE `LEARNERS` DISABLE KEYS */;
INSERT INTO `LEARNERS` VALUES (42,'dddd','qdwwww','cs',1,'cs',39,'2018-10-07 18:57:34','2018-10-07 18:57:34'),(43,'dddd','qdwwww','cs',1,'cs',39,'2018-10-07 18:57:48','2018-10-07 18:57:48'),(44,'dddd','qdwwww','cs',1,'cs',39,'2018-10-07 19:07:06','2018-10-07 19:07:06'),(45,'dddd','qdwwww','cs',1,'cs',39,'2018-10-07 19:07:39','2018-10-07 19:07:39'),(46,'dddd','qdwwww','cs',1,'cs',40,'2018-10-07 19:07:47','2018-10-07 19:07:47'),(47,'HEELLO','12321','SCEINTIST',1,'MEDICINE',36,'2018-10-07 20:11:05','2018-10-07 20:11:05'),(48,'Hello','123411','CI',2,'CS',36,'2018-10-07 20:13:57','2018-10-07 20:13:57'),(49,'Mohammad Hamza OWais','R1234567891234','CS',1,'CS',36,'2018-10-07 23:09:16','2018-10-07 23:09:16'),(50,'Hamza Owais','122','cs',1,'CS',37,'2018-10-08 03:05:55','2018-10-08 03:05:55');
/*!40000 ALTER TABLE `LEARNERS` ENABLE KEYS */;
UNLOCK TABLES;

--
-- Table structure for table `PLAYED_EVENTS`
--

DROP TABLE IF EXISTS `PLAYED_EVENTS`;
/*!40101 SET @saved_cs_client     = @@character_set_client */;
/*!40101 SET character_set_client = utf8 */;
CREATE TABLE `PLAYED_EVENTS` (
  `PLAY_ID` int(11) NOT NULL,
  `EVENT_ID` varchar(64) NOT NULL,
  `POINTS` varchar(64) NOT NULL DEFAULT '50',
  `CREATED_AT` datetime NOT NULL DEFAULT CURRENT_TIMESTAMP,
  `ID` int(11) NOT NULL AUTO_INCREMENT,
  `CATEGORY` varchar(64) DEFAULT NULL,
  `SCENARIO_ROLE_ID` int(11) NOT NULL,
  `TIMESTAMP` varchar(16) DEFAULT NULL,
  `TIME` int(10) DEFAULT NULL,
  `SKILL_LEVEL` int(10) DEFAULT NULL,
  `OBJECTIVES` mediumtext,
  PRIMARY KEY (`ID`)
) ENGINE=InnoDB AUTO_INCREMENT=603 DEFAULT CHARSET=latin1;
/*!40101 SET character_set_client = @saved_cs_client */;

--
-- Dumping data for table `PLAYED_EVENTS`
--

LOCK TABLES `PLAYED_EVENTS` WRITE;
/*!40000 ALTER TABLE `PLAYED_EVENTS` DISABLE KEYS */;
INSERT INTO `PLAYED_EVENTS` VALUES (6,'6','97','2017-06-27 08:33:55',1,NULL,0,NULL,NULL,NULL,NULL),(7,'1','92','2017-08-21 05:48:02',2,NULL,0,NULL,NULL,NULL,NULL),(7,'2','99','2017-08-21 05:48:02',3,NULL,0,NULL,NULL,NULL,NULL),(8,'7','7','2017-08-23 11:26:57',4,NULL,0,NULL,NULL,NULL,NULL),(8,'8','9','2017-08-23 11:26:57',5,NULL,0,NULL,NULL,NULL,NULL),(8,'9','0','2017-08-23 11:26:57',6,NULL,0,NULL,NULL,NULL,NULL),(8,'10','7','2017-08-23 11:26:57',7,NULL,0,NULL,NULL,NULL,NULL),(8,'11','11','2017-08-23 11:26:57',8,NULL,0,NULL,NULL,NULL,NULL),(8,'12','9','2017-08-23 11:26:57',9,NULL,0,NULL,NULL,NULL,NULL),(8,'13','8','2017-08-23 11:26:57',10,NULL,0,NULL,NULL,NULL,NULL),(9,'7','18','2017-08-23 11:31:56',11,NULL,0,NULL,NULL,NULL,NULL),(9,'8','20','2017-08-23 11:31:56',12,NULL,0,NULL,NULL,NULL,NULL),(9,'9','28','2017-08-23 11:31:56',13,NULL,0,NULL,NULL,NULL,NULL),(9,'10','18','2017-08-23 11:31:56',14,NULL,0,NULL,NULL,NULL,NULL),(9,'11','22','2017-08-23 11:31:56',15,NULL,0,NULL,NULL,NULL,NULL),(9,'12','19','2017-08-23 11:31:56',16,NULL,0,NULL,NULL,NULL,NULL),(9,'13','20','2017-08-23 11:31:56',17,NULL,0,NULL,NULL,NULL,NULL),(10,'7','40','2017-08-23 11:42:51',18,NULL,0,NULL,NULL,NULL,NULL),(10,'8','32','2017-08-23 11:42:51',19,NULL,0,NULL,NULL,NULL,NULL),(10,'9','33','2017-08-23 11:42:51',20,NULL,0,NULL,NULL,NULL,NULL),(10,'10','38','2017-08-23 11:42:51',21,NULL,0,NULL,NULL,NULL,NULL),(10,'11','29','2017-08-23 11:42:51',22,NULL,0,NULL,NULL,NULL,NULL),(10,'12','39','2017-08-23 11:42:51',23,NULL,0,NULL,NULL,NULL,NULL),(10,'13','40','2017-08-23 11:42:51',24,NULL,0,NULL,NULL,NULL,NULL),(11,'7','58','2017-08-23 11:43:47',25,NULL,0,NULL,NULL,NULL,NULL),(11,'8','67','2017-08-23 11:43:47',26,NULL,0,NULL,NULL,NULL,NULL),(11,'9','70','2017-08-23 11:43:47',27,NULL,0,NULL,NULL,NULL,NULL),(11,'10','68','2017-08-23 11:43:47',28,NULL,0,NULL,NULL,NULL,NULL),(11,'11','68','2017-08-23 11:43:47',29,NULL,0,NULL,NULL,NULL,NULL),(11,'12','71','2017-08-23 11:43:47',30,NULL,0,NULL,NULL,NULL,NULL),(11,'13','70','2017-08-23 11:43:47',31,NULL,0,NULL,NULL,NULL,NULL),(12,'7','76','2017-08-23 11:44:38',32,NULL,0,NULL,NULL,NULL,NULL),(12,'8','86','2017-08-23 11:44:38',33,NULL,0,NULL,NULL,NULL,NULL),(12,'9','81','2017-08-23 11:44:38',34,NULL,0,NULL,NULL,NULL,NULL),(12,'10','87','2017-08-23 11:44:38',35,NULL,0,NULL,NULL,NULL,NULL),(12,'11','82','2017-08-23 11:44:38',36,NULL,0,NULL,NULL,NULL,NULL),(12,'12','84','2017-08-23 11:44:38',37,NULL,0,NULL,NULL,NULL,NULL),(12,'13','79','2017-08-23 11:44:38',38,NULL,0,NULL,NULL,NULL,NULL),(13,'7','98','2017-08-23 11:45:34',39,NULL,0,NULL,NULL,NULL,NULL),(13,'8','100','2017-08-23 11:45:34',40,NULL,0,NULL,NULL,NULL,NULL),(13,'9','98','2017-08-23 11:45:34',41,NULL,0,NULL,NULL,NULL,NULL),(13,'10','99','2017-08-23 11:45:34',42,NULL,0,NULL,NULL,NULL,NULL),(13,'11','97','2017-08-23 11:45:34',43,NULL,0,NULL,NULL,NULL,NULL),(13,'12','99','2017-08-23 11:45:34',44,NULL,0,NULL,NULL,NULL,NULL),(13,'13','99','2017-08-23 11:45:34',45,NULL,0,NULL,NULL,NULL,NULL),(14,'1','86','2017-08-23 14:01:01',46,NULL,0,NULL,NULL,NULL,NULL),(14,'2','89','2017-08-23 14:01:01',47,NULL,0,NULL,NULL,NULL,NULL),(15,'7','100','2017-08-25 22:18:18',48,NULL,0,NULL,NULL,NULL,NULL),(15,'8','100','2017-08-25 22:18:18',49,NULL,0,NULL,NULL,NULL,NULL),(15,'9','100','2017-08-25 22:18:18',50,NULL,0,NULL,NULL,NULL,NULL),(15,'10','100','2017-08-25 22:18:18',51,NULL,0,NULL,NULL,NULL,NULL),(15,'11','100','2017-08-25 22:18:18',52,NULL,0,NULL,NULL,NULL,NULL),(15,'12','100','2017-08-25 22:18:18',53,NULL,0,NULL,NULL,NULL,NULL),(15,'13','100','2017-08-25 22:18:18',54,NULL,0,NULL,NULL,NULL,NULL),(16,'15','4','2017-09-18 20:57:09',55,NULL,0,NULL,NULL,NULL,NULL),(16,'16','3','2017-09-18 20:57:09',56,NULL,0,NULL,NULL,NULL,NULL),(16,'17','2','2017-09-18 20:57:09',57,NULL,0,NULL,NULL,NULL,NULL),(16,'18','3','2017-09-18 20:57:09',58,NULL,0,NULL,NULL,NULL,NULL),(16,'19','3','2017-09-18 20:57:09',59,NULL,0,NULL,NULL,NULL,NULL),(17,'15','13','2017-09-18 20:58:04',60,NULL,0,NULL,NULL,NULL,NULL),(17,'16','16','2017-09-18 20:58:04',61,NULL,0,NULL,NULL,NULL,NULL),(17,'17','19','2017-09-18 20:58:04',62,NULL,0,NULL,NULL,NULL,NULL),(17,'18','16','2017-09-18 20:58:04',63,NULL,0,NULL,NULL,NULL,NULL),(17,'19','14','2017-09-18 20:58:04',64,NULL,0,NULL,NULL,NULL,NULL),(18,'15','35','2017-09-18 20:58:51',65,NULL,0,NULL,NULL,NULL,NULL),(18,'16','38','2017-09-18 20:58:51',66,NULL,0,NULL,NULL,NULL,NULL),(18,'17','42','2017-09-18 20:58:51',67,NULL,0,NULL,NULL,NULL,NULL),(18,'18','43','2017-09-18 20:58:51',68,NULL,0,NULL,NULL,NULL,NULL),(18,'19','40','2017-09-18 20:58:51',69,NULL,0,NULL,NULL,NULL,NULL),(19,'15','58','2017-09-18 20:59:37',70,NULL,0,NULL,NULL,NULL,NULL),(19,'16','59','2017-09-18 20:59:37',71,NULL,0,NULL,NULL,NULL,NULL),(19,'17','60','2017-09-18 20:59:37',72,NULL,0,NULL,NULL,NULL,NULL),(19,'18','63','2017-09-18 20:59:37',73,NULL,0,NULL,NULL,NULL,NULL),(19,'19','67','2017-09-18 20:59:37',74,NULL,0,NULL,NULL,NULL,NULL),(20,'15','75','2017-09-18 21:00:22',75,NULL,0,NULL,NULL,NULL,NULL),(20,'16','78','2017-09-18 21:00:22',76,NULL,0,NULL,NULL,NULL,NULL),(20,'17','80','2017-09-18 21:00:22',77,NULL,0,NULL,NULL,NULL,NULL),(20,'18','72','2017-09-18 21:00:22',78,NULL,0,NULL,NULL,NULL,NULL),(20,'19','79','2017-09-18 21:00:22',79,NULL,0,NULL,NULL,NULL,NULL),(21,'15','98','2017-09-18 21:01:12',80,NULL,0,NULL,NULL,NULL,NULL),(21,'16','96','2017-09-18 21:01:12',81,NULL,0,NULL,NULL,NULL,NULL),(21,'17','98','2017-09-18 21:01:12',82,NULL,0,NULL,NULL,NULL,NULL),(21,'18','100','2017-09-18 21:01:12',83,NULL,0,NULL,NULL,NULL,NULL),(21,'19','100','2017-09-18 21:01:12',84,NULL,0,NULL,NULL,NULL,NULL),(22,'15','86','2017-10-09 03:05:59',85,NULL,0,NULL,NULL,NULL,NULL),(22,'16','78','2017-10-09 03:05:59',86,NULL,0,NULL,NULL,NULL,NULL),(22,'17','83','2017-10-09 03:05:59',87,NULL,0,NULL,NULL,NULL,NULL),(22,'18','80','2017-10-09 03:05:59',88,NULL,0,NULL,NULL,NULL,NULL),(22,'19','78','2017-10-09 03:05:59',89,NULL,0,NULL,NULL,NULL,NULL),(22,'20','78','2017-10-09 03:05:59',90,NULL,0,NULL,NULL,NULL,NULL),(22,'21','88','2017-10-09 03:05:59',91,NULL,0,NULL,NULL,NULL,NULL),(24,'15','50','2017-10-30 21:04:35',92,NULL,15,NULL,NULL,NULL,NULL),(24,'16','50','2017-10-30 21:04:35',93,NULL,15,NULL,NULL,NULL,NULL),(24,'17','50','2017-10-30 21:04:35',94,NULL,14,NULL,NULL,NULL,NULL),(24,'18','50','2017-10-30 21:04:35',95,NULL,14,NULL,NULL,NULL,NULL),(24,'19','50','2017-10-30 21:04:35',96,NULL,15,NULL,NULL,NULL,NULL),(24,'20','50','2017-10-30 21:04:35',97,NULL,14,NULL,NULL,NULL,NULL),(24,'21','50','2017-10-30 21:04:35',98,NULL,14,NULL,NULL,NULL,NULL),(25,'15','50','2017-10-31 11:15:12',99,NULL,15,NULL,NULL,NULL,NULL),(25,'16','77','2017-10-31 11:15:12',100,NULL,15,NULL,NULL,NULL,NULL),(25,'17','93','2017-10-31 11:15:12',101,NULL,14,NULL,NULL,NULL,NULL),(25,'18','50','2017-10-31 11:15:12',102,NULL,14,NULL,NULL,NULL,NULL),(25,'19','50','2017-10-31 11:15:12',103,NULL,15,NULL,NULL,NULL,NULL),(25,'20','50','2017-10-31 11:15:12',104,NULL,14,NULL,NULL,NULL,NULL),(25,'21','50','2017-10-31 11:15:12',105,NULL,14,NULL,NULL,NULL,NULL),(30,'15','50','2017-11-02 22:43:12',106,NULL,15,NULL,NULL,NULL,NULL),(30,'16','50','2017-11-02 22:43:12',107,NULL,15,NULL,NULL,NULL,NULL),(30,'17','50','2017-11-02 22:43:12',108,NULL,14,NULL,NULL,NULL,NULL),(30,'18','50','2017-11-02 22:43:12',109,NULL,14,NULL,NULL,NULL,NULL),(30,'19','50','2017-11-02 22:43:12',110,NULL,15,NULL,NULL,NULL,NULL),(30,'20','50','2017-11-02 22:43:12',111,NULL,14,NULL,NULL,NULL,NULL),(30,'21','50','2017-11-02 22:43:12',112,NULL,14,NULL,NULL,NULL,NULL),(32,'15','50','2017-11-13 10:46:20',113,NULL,15,NULL,NULL,NULL,NULL),(32,'16','50','2017-11-13 10:46:20',114,NULL,15,NULL,NULL,NULL,NULL),(32,'17','50','2017-11-13 10:46:20',115,NULL,14,NULL,NULL,NULL,NULL),(32,'18','50','2017-11-13 10:46:20',116,NULL,14,NULL,NULL,NULL,NULL),(32,'19','50','2017-11-13 10:46:20',117,NULL,15,NULL,NULL,NULL,NULL),(35,'15','50','2017-11-13 11:07:06',118,NULL,15,NULL,NULL,NULL,NULL),(35,'16','50','2017-11-13 11:07:06',119,NULL,15,NULL,NULL,NULL,NULL),(35,'17','50','2017-11-13 11:07:06',120,NULL,14,NULL,NULL,NULL,NULL),(35,'18','50','2017-11-13 11:07:06',121,NULL,14,NULL,NULL,NULL,NULL),(35,'19','50','2017-11-13 11:07:06',122,NULL,15,NULL,NULL,NULL,NULL),(36,'15','71','2017-11-13 11:10:32',123,NULL,15,NULL,NULL,NULL,NULL),(36,'16','50','2017-11-13 11:10:32',124,NULL,15,NULL,NULL,NULL,NULL),(36,'17','50','2017-11-13 11:10:32',125,NULL,14,NULL,NULL,NULL,NULL),(36,'18','50','2017-11-13 11:10:32',126,NULL,14,NULL,NULL,NULL,NULL),(36,'19','50','2017-11-13 11:10:32',127,NULL,15,NULL,NULL,NULL,NULL),(37,'15','81','2017-11-13 11:11:58',128,NULL,15,NULL,NULL,NULL,NULL),(37,'16','84','2017-11-13 11:11:58',129,NULL,15,NULL,NULL,NULL,NULL),(37,'17','80','2017-11-13 11:11:58',130,NULL,14,NULL,NULL,NULL,NULL),(37,'18','81','2017-11-13 11:11:58',131,NULL,14,NULL,NULL,NULL,NULL),(37,'19','86','2017-11-13 11:11:58',132,NULL,15,NULL,NULL,NULL,NULL),(38,'26','69','2017-11-13 12:32:53',133,NULL,22,NULL,NULL,NULL,NULL),(38,'27','67','2017-11-13 12:32:53',134,NULL,22,NULL,NULL,NULL,NULL),(38,'28','67','2017-11-13 12:32:53',135,NULL,24,NULL,NULL,NULL,NULL),(38,'29','42','2017-11-13 12:32:53',136,NULL,24,NULL,NULL,NULL,NULL),(38,'30','79','2017-11-13 12:32:53',137,NULL,24,NULL,NULL,NULL,NULL),(38,'31','76','2017-11-13 12:32:53',138,NULL,22,NULL,NULL,NULL,NULL),(38,'32','32','2017-11-13 12:32:53',139,NULL,22,NULL,NULL,NULL,NULL),(38,'33','78','2017-11-13 12:32:53',140,NULL,22,NULL,NULL,NULL,NULL),(38,'34','72','2017-11-13 12:32:53',141,NULL,23,NULL,NULL,NULL,NULL),(38,'35','79','2017-11-13 12:32:53',142,NULL,22,NULL,NULL,NULL,NULL),(38,'36','69','2017-11-13 12:32:53',143,NULL,23,NULL,NULL,NULL,NULL),(38,'37','75','2017-11-13 12:32:53',144,NULL,22,NULL,NULL,NULL,NULL),(38,'38','64','2017-11-13 12:32:53',145,NULL,23,NULL,NULL,NULL,NULL),(38,'39','88','2017-11-13 12:32:53',146,NULL,24,NULL,NULL,NULL,NULL),(39,'43','70','2017-11-17 05:54:59',147,NULL,26,NULL,NULL,NULL,NULL),(39,'44','36','2017-11-17 05:54:59',148,NULL,26,NULL,NULL,NULL,NULL),(39,'45','76','2017-11-17 05:54:59',149,NULL,26,NULL,NULL,NULL,NULL),(40,'15','79','2018-04-02 04:06:24',150,NULL,15,NULL,NULL,NULL,NULL),(40,'16','75','2018-04-02 04:06:24',151,NULL,15,NULL,NULL,NULL,NULL),(40,'17','90','2018-04-02 04:06:24',152,NULL,14,NULL,NULL,NULL,NULL),(40,'18','80','2018-04-02 04:06:24',153,NULL,14,NULL,NULL,NULL,NULL),(40,'19','81','2018-04-02 04:06:24',154,NULL,15,NULL,NULL,NULL,NULL),(46,'15','50','2018-04-02 04:52:56',155,NULL,15,'1522658619494',NULL,NULL,NULL),(46,'16','78','2018-04-02 04:52:56',156,NULL,15,'1522658622982',NULL,NULL,NULL),(46,'17','73','2018-04-02 04:52:56',157,NULL,14,'1522658627512',NULL,NULL,NULL),(46,'18','78','2018-04-02 04:52:56',158,NULL,14,'1522658631050',NULL,NULL,NULL),(46,'19','79','2018-04-02 04:52:56',159,NULL,15,'1522658634981',NULL,NULL,NULL),(47,'15','50','2018-04-02 05:47:34',160,NULL,15,'1522662433648',3,NULL,NULL),(47,'16','67','2018-04-02 05:47:34',161,NULL,15,'1522662436852',18,NULL,NULL),(47,'17','71','2018-04-02 05:47:34',162,NULL,14,'1522662440679',36,NULL,NULL),(47,'18','70','2018-04-02 05:47:34',163,NULL,14,'1522662444646',50,NULL,NULL),(47,'19','26','2018-04-02 05:47:34',164,NULL,15,'1522662448230',52,NULL,NULL),(48,'15','21','2018-04-02 10:17:09',165,NULL,15,'1522678610344',3,NULL,NULL),(48,'16','65','2018-04-02 10:17:09',166,NULL,15,'1522678606218',18,NULL,NULL),(48,'17','72','2018-04-02 10:17:09',167,NULL,14,'1522678618325',36,NULL,NULL),(48,'18','26','2018-04-02 10:17:09',168,NULL,14,'1522678622002',50,NULL,NULL),(48,'19','78','2018-04-02 10:17:09',169,NULL,15,'1522678614567',52,NULL,NULL),(49,'15','29','2018-04-02 10:19:44',170,NULL,15,'1522678772600',3,NULL,NULL),(49,'16','70','2018-04-02 10:19:44',171,NULL,15,'1522678776407',18,NULL,NULL),(49,'17','50','2018-04-02 10:19:44',172,NULL,14,'1522678769403',36,NULL,NULL),(49,'18','28','2018-04-02 10:19:44',173,NULL,14,'1522678779964',50,NULL,NULL),(49,'19','50','2018-04-02 10:19:44',174,NULL,15,'1522678765825',52,NULL,NULL),(50,'65','70','2018-04-02 11:41:47',175,NULL,32,'1522683442543',10,NULL,NULL),(50,'66','27','2018-04-02 11:41:47',176,NULL,32,'1522683528750',60,NULL,NULL),(50,'67','7','2018-04-02 11:41:47',177,NULL,32,'1522683623732',150,NULL,NULL),(50,'68','92','2018-04-02 11:41:47',178,NULL,32,'1522683656877',180,NULL,NULL),(50,'69','91','2018-04-02 11:41:47',179,NULL,32,'1522683684257',210,NULL,NULL),(51,'65','5','2018-04-02 12:47:25',180,NULL,32,'1522687598451',10,NULL,NULL),(51,'66','6','2018-04-02 12:47:25',181,NULL,32,'1522687604866',60,NULL,NULL),(51,'67','7','2018-04-02 12:47:25',182,NULL,32,'1522687609891',150,NULL,NULL),(51,'68','7','2018-04-02 12:47:25',183,NULL,32,'1522687614035',180,NULL,NULL),(51,'69','6','2018-04-02 12:47:25',184,NULL,32,'1522687619242',210,NULL,NULL),(52,'65','2','2018-04-02 12:56:25',185,NULL,32,'1522688157168',10,NULL,NULL),(52,'66','5','2018-04-02 12:56:25',186,NULL,32,'1522688162941',60,NULL,NULL),(52,'67','2','2018-04-02 12:56:25',187,NULL,32,'1522688167358',150,NULL,NULL),(52,'68','5','2018-04-02 12:56:25',188,NULL,32,'1522688171864',180,NULL,NULL),(52,'69','7','2018-04-02 12:56:25',189,NULL,32,'1522688176109',210,NULL,NULL),(53,'65','31','2018-04-02 12:57:53',190,NULL,32,'1522688235992',10,NULL,NULL),(53,'66','26','2018-04-02 12:57:53',191,NULL,32,'1522688249495',60,NULL,NULL),(53,'67','39','2018-04-02 12:57:53',192,NULL,32,'1522688254783',150,NULL,NULL),(53,'68','38','2018-04-02 12:57:53',193,NULL,32,'1522688260274',180,NULL,NULL),(53,'69','31','2018-04-02 12:57:53',194,NULL,32,'1522688264707',210,NULL,NULL),(54,'65','55','2018-04-02 12:58:40',195,NULL,32,'1522688299141',10,NULL,NULL),(54,'66','50','2018-04-02 12:58:40',196,NULL,32,'1522685026233',60,NULL,NULL),(54,'67','56','2018-04-02 12:58:40',197,NULL,32,'1522688306763',150,NULL,NULL),(54,'68','46','2018-04-02 12:58:40',198,NULL,32,'1522688310736',180,NULL,NULL),(54,'69','59','2018-04-02 12:58:40',199,NULL,32,'1522688314975',210,NULL,NULL),(55,'65','42','2018-04-02 13:00:11',200,NULL,32,'1522688388616',10,NULL,NULL),(55,'66','55','2018-04-02 13:00:11',201,NULL,32,'1522688393234',60,NULL,NULL),(55,'67','44','2018-04-02 13:00:11',202,NULL,32,'1522688397593',150,NULL,NULL),(55,'68','58','2018-04-02 13:00:11',203,NULL,32,'1522688401152',180,NULL,NULL),(55,'69','55','2018-04-02 13:00:11',204,NULL,32,'1522688404825',210,NULL,NULL),(56,'65','63','2018-04-02 13:02:01',205,NULL,32,'1522688489863',10,NULL,NULL),(56,'66','75','2018-04-02 13:02:01',206,NULL,32,'1522688499660',60,NULL,NULL),(56,'67','69','2018-04-02 13:02:01',207,NULL,32,'1522688504089',150,NULL,NULL),(56,'68','83','2018-04-02 13:02:01',208,NULL,32,'1522688508785',180,NULL,NULL),(56,'69','84','2018-04-02 13:02:01',209,NULL,32,'1522688514470',210,NULL,NULL),(57,'65','80','2018-04-02 13:03:34',210,NULL,32,'1522688581650',10,NULL,NULL),(57,'66','98','2018-04-02 13:03:34',211,NULL,32,'1522688594466',60,NULL,NULL),(57,'67','98','2018-04-02 13:03:34',212,NULL,32,'1522688600461',150,NULL,NULL),(57,'68','72','2018-04-02 13:03:34',213,NULL,32,'1522688604428',180,NULL,NULL),(57,'69','95','2018-04-02 13:03:34',214,NULL,32,'1522688609382',210,NULL,NULL),(58,'65','94','2018-04-02 13:04:21',215,NULL,32,'1522688639999',10,NULL,NULL),(58,'66','99','2018-04-02 13:04:21',216,NULL,32,'1522688644256',60,NULL,NULL),(58,'67','85','2018-04-02 13:04:21',217,NULL,32,'1522688648328',150,NULL,NULL),(58,'68','97','2018-04-02 13:04:21',218,NULL,32,'1522688652262',180,NULL,NULL),(58,'69','94','2018-04-02 13:04:21',219,NULL,32,'1522688656340',210,NULL,NULL),(59,'65','99','2018-04-02 13:05:09',220,NULL,32,'1522688681006',10,NULL,NULL),(59,'66','100','2018-04-02 13:05:09',221,NULL,32,'1522688685324',60,NULL,NULL),(59,'67','99','2018-04-02 13:05:09',222,NULL,32,'1522688689780',150,NULL,NULL),(59,'68','99','2018-04-02 13:05:09',223,NULL,32,'1522688694018',180,NULL,NULL),(59,'69','98','2018-04-02 13:05:09',224,NULL,32,'1522688698842',210,NULL,NULL),(60,'70','79','2018-04-03 12:53:49',225,NULL,33,'1522774380589',10,NULL,NULL),(60,'71','74','2018-04-03 12:53:49',226,NULL,33,'1522774384438',40,NULL,NULL),(60,'72','66','2018-04-03 12:53:49',227,NULL,33,'1522774389152',120,NULL,NULL),(60,'75','72','2018-04-03 12:53:49',228,NULL,33,'1522774392450',150,NULL,NULL),(60,'76','75','2018-04-03 12:53:49',229,NULL,33,'1522774395842',190,NULL,NULL),(60,'77','78','2018-04-03 12:53:49',230,NULL,33,'1522774399474',240,NULL,NULL),(60,'78','76','2018-04-03 12:53:49',231,NULL,33,'1522774403201',288,NULL,NULL),(60,'79','77','2018-04-03 12:53:49',232,NULL,33,'1522774408921',336,NULL,NULL),(61,'80','82','2018-04-05 13:52:58',233,NULL,34,'1522950682860',10,NULL,NULL),(61,'81','68','2018-04-05 13:52:58',234,NULL,34,'1522950693852',35,NULL,NULL),(61,'82','80','2018-04-05 13:52:58',235,NULL,34,'1522950701179',50,NULL,NULL),(61,'83','66','2018-04-05 13:52:58',236,NULL,34,'1522950705818',72,NULL,NULL),(61,'84','69','2018-04-05 13:52:58',237,NULL,34,'1522950715614',90,NULL,NULL),(62,'80','91','2018-04-05 15:17:04',238,NULL,34,'1522955704869',10,NULL,NULL),(62,'81','84','2018-04-05 15:17:04',239,NULL,34,'1522955730864',35,NULL,NULL),(62,'82','64','2018-04-05 15:17:04',240,NULL,34,'1522955762062',50,NULL,NULL),(62,'83','60','2018-04-05 15:17:04',241,NULL,34,'1522955767081',72,NULL,NULL),(62,'84','63','2018-04-05 15:17:04',242,NULL,34,'1522955778482',90,NULL,NULL),(63,'70','0','2018-04-05 16:27:12',243,NULL,33,'1522959979125',10,NULL,NULL),(63,'71','7','2018-04-05 16:27:12',244,NULL,33,'1522959990203',40,NULL,NULL),(63,'72','7','2018-04-05 16:27:12',245,NULL,33,'1522959999773',120,NULL,NULL),(63,'75','8','2018-04-05 16:27:12',246,NULL,33,'1522960005235',150,NULL,NULL),(63,'76','12','2018-04-05 16:27:12',247,NULL,33,'1522960009728',190,NULL,NULL),(63,'77','10','2018-04-05 16:27:12',248,NULL,33,'1522960013873',240,NULL,NULL),(63,'78','8','2018-04-05 16:27:12',249,NULL,33,'1522960021307',288,NULL,NULL),(63,'79','8','2018-04-05 16:27:12',250,NULL,33,'1522960025924',336,NULL,NULL),(64,'70','7','2018-04-05 16:28:23',251,NULL,33,'1522960064906',10,NULL,NULL),(64,'71','12','2018-04-05 16:28:23',252,NULL,33,'1522960071801',40,NULL,NULL),(64,'72','12','2018-04-05 16:28:23',253,NULL,33,'1522960077021',120,NULL,NULL),(64,'75','18','2018-04-05 16:28:23',254,NULL,33,'1522960081830',150,NULL,NULL),(64,'76','22','2018-04-05 16:28:23',255,NULL,33,'1522960086273',190,NULL,NULL),(64,'77','18','2018-04-05 16:28:23',256,NULL,33,'1522960090413',240,NULL,NULL),(64,'78','18','2018-04-05 16:28:23',257,NULL,33,'1522960094036',288,NULL,NULL),(64,'79','17','2018-04-05 16:28:23',258,NULL,33,'1522960097721',336,NULL,NULL),(65,'70','22','2018-04-05 16:29:18',259,NULL,33,'1522960115756',10,NULL,NULL),(65,'71','23','2018-04-05 16:29:18',260,NULL,33,'1522960122899',40,NULL,NULL),(65,'72','26','2018-04-05 16:29:18',261,NULL,33,'1522960126050',120,NULL,NULL),(65,'75','30','2018-04-05 16:29:18',262,NULL,33,'1522960129912',150,NULL,NULL),(65,'76','33','2018-04-05 16:29:18',263,NULL,33,'1522960134042',190,NULL,NULL),(65,'77','39','2018-04-05 16:29:18',264,NULL,33,'1522960138580',240,NULL,NULL),(65,'78','38','2018-04-05 16:29:18',265,NULL,33,'1522960143620',288,NULL,NULL),(65,'79','37','2018-04-05 16:29:18',266,NULL,33,'1522960151144',336,NULL,NULL),(66,'70','42','2018-04-05 16:30:22',267,NULL,33,'1522960184720',10,NULL,NULL),(66,'71','43','2018-04-05 16:30:22',268,NULL,33,'1522960189208',40,NULL,NULL),(66,'72','45','2018-04-05 16:30:22',269,NULL,33,'1522960193175',120,NULL,NULL),(66,'75','45','2018-04-05 16:30:22',270,NULL,33,'1522960197105',150,NULL,NULL),(66,'76','42','2018-04-05 16:30:22',271,NULL,33,'1522960200946',190,NULL,NULL),(66,'77','45','2018-04-05 16:30:22',272,NULL,33,'1522960205442',240,NULL,NULL),(66,'78','43','2018-04-05 16:30:22',273,NULL,33,'1522960209555',288,NULL,NULL),(66,'79','45','2018-04-05 16:30:22',274,NULL,33,'1522960215023',336,NULL,NULL),(67,'70','66','2018-04-05 16:32:42',275,NULL,33,'1522960321057',10,NULL,NULL),(67,'71','62','2018-04-05 16:32:42',276,NULL,33,'1522960325058',40,NULL,NULL),(67,'72','54','2018-04-05 16:32:42',277,NULL,33,'1522960328726',120,NULL,NULL),(67,'75','79','2018-04-05 16:32:42',278,NULL,33,'1522960336142',150,NULL,NULL),(67,'76','84','2018-04-05 16:32:42',279,NULL,33,'1522960341816',190,NULL,NULL),(67,'77','82','2018-04-05 16:32:42',280,NULL,33,'1522960347140',240,NULL,NULL),(67,'78','74','2018-04-05 16:32:42',281,NULL,33,'1522960351589',288,NULL,NULL),(67,'79','84','2018-04-05 16:32:42',282,NULL,33,'1522960355236',336,NULL,NULL),(68,'70','61','2018-04-05 16:33:59',283,NULL,33,'1522960403303',10,NULL,NULL),(68,'71','50','2018-04-05 16:33:59',284,NULL,33,'1522960407333',40,NULL,NULL),(68,'72','67','2018-04-05 16:33:59',285,NULL,33,'1522960409982',120,NULL,NULL),(68,'75','77','2018-04-05 16:33:59',286,NULL,33,'1522960414119',150,NULL,NULL),(68,'76','69','2018-04-05 16:33:59',287,NULL,33,'1522960419681',190,NULL,NULL),(68,'77','84','2018-04-05 16:33:59',288,NULL,33,'1522960425071',240,NULL,NULL),(68,'78','75','2018-04-05 16:33:59',289,NULL,33,'1522960428823',288,NULL,NULL),(68,'79','75','2018-04-05 16:33:59',290,NULL,33,'1522960434968',336,NULL,NULL),(69,'80','96','2018-04-05 17:03:50',291,NULL,34,'1522962204599',10,NULL,NULL),(69,'81','92','2018-04-05 17:03:50',292,NULL,34,'1522962211216',35,NULL,NULL),(69,'82','95','2018-04-05 17:03:50',293,NULL,34,'1522962215778',50,NULL,NULL),(69,'83','97','2018-04-05 17:03:50',294,NULL,34,'1522962219464',72,NULL,NULL),(69,'84','100','2018-04-05 17:03:50',295,NULL,34,'1522962223962',90,NULL,NULL),(70,'70','99','2018-04-05 17:04:59',296,NULL,33,'1522962255125',10,NULL,NULL),(70,'71','99','2018-04-05 17:04:59',297,NULL,33,'1522962260456',40,NULL,NULL),(70,'72','97','2018-04-05 17:04:59',298,NULL,33,'1522962267429',120,NULL,NULL),(70,'75','98','2018-04-05 17:04:59',299,NULL,33,'1522962273136',150,NULL,NULL),(70,'76','99','2018-04-05 17:04:59',300,NULL,33,'1522962279296',190,NULL,NULL),(70,'77','98','2018-04-05 17:04:59',301,NULL,33,'1522962286632',240,NULL,NULL),(70,'78','97','2018-04-05 17:04:59',302,NULL,33,'1522962291056',288,NULL,NULL),(70,'79','97','2018-04-05 17:04:59',303,NULL,33,'1522962295618',336,NULL,NULL),(71,'70','100','2018-04-05 17:06:23',304,NULL,33,'1522962346626',10,NULL,NULL),(71,'71','100','2018-04-05 17:06:23',305,NULL,33,'1522962353150',40,NULL,NULL),(71,'72','100','2018-04-05 17:06:23',306,NULL,33,'1522962357217',120,NULL,NULL),(71,'75','100','2018-04-05 17:06:23',307,NULL,33,'1522962361257',150,NULL,NULL),(71,'76','100','2018-04-05 17:06:23',308,NULL,33,'1522962365763',190,NULL,NULL),(71,'77','100','2018-04-05 17:06:23',309,NULL,33,'1522962369259',240,NULL,NULL),(71,'78','99','2018-04-05 17:06:23',310,NULL,33,'1522962374303',288,NULL,NULL),(71,'79','100','2018-04-05 17:06:23',311,NULL,33,'1522962379077',336,NULL,NULL),(72,'70','100','2018-04-05 17:07:48',312,NULL,33,'1522962434814',10,NULL,NULL),(72,'71','100','2018-04-05 17:07:48',313,NULL,33,'1522962440160',40,NULL,NULL),(72,'72','100','2018-04-05 17:07:48',314,NULL,33,'1522962451964',120,NULL,NULL),(72,'75','100','2018-04-05 17:07:48',315,NULL,33,'1522962447916',150,NULL,NULL),(72,'76','100','2018-04-05 17:07:48',316,NULL,33,'1522962444123',190,NULL,NULL),(72,'77','100','2018-04-05 17:07:48',317,NULL,33,'1522962459923',240,NULL,NULL),(72,'78','99','2018-04-05 17:07:48',318,NULL,33,'1522962456110',288,NULL,NULL),(72,'79','100','2018-04-05 17:07:48',319,NULL,33,'1522962463651',336,NULL,NULL),(73,'70','100','2018-04-05 17:22:08',320,NULL,33,'1522963288753',10,NULL,NULL),(73,'71','100','2018-04-05 17:22:08',321,NULL,33,'1522963293058',40,NULL,NULL),(73,'72','100','2018-04-05 17:22:08',322,NULL,33,'1522963297876',120,NULL,NULL),(73,'75','100','2018-04-05 17:22:08',323,NULL,33,'1522963313327',150,NULL,NULL),(73,'76','100','2018-04-05 17:22:08',324,NULL,33,'1522963308958',190,NULL,NULL),(73,'77','100','2018-04-05 17:22:08',325,NULL,33,'1522963304966',240,NULL,NULL),(73,'78','97','2018-04-05 17:22:08',326,NULL,33,'1522963318058',288,NULL,NULL),(73,'79','100','2018-04-05 17:22:08',327,NULL,33,'1522963321866',336,NULL,NULL),(74,'80','80','2018-04-10 13:51:50',328,NULL,34,'1523382591214',10,NULL,NULL),(74,'81','89','2018-04-10 13:51:50',329,NULL,34,'1523382656640',35,NULL,NULL),(74,'82','30','2018-04-10 13:51:50',330,NULL,34,'1523382649586',50,NULL,NULL),(74,'83','27','2018-04-10 13:51:50',331,NULL,34,'1523382683153',72,NULL,NULL),(74,'84','89','2018-04-10 13:51:50',332,NULL,34,'1523382670412',90,NULL,NULL),(75,'80','50','2018-05-31 18:55:53',333,NULL,34,'1527807335970',10,NULL,NULL),(75,'81','50','2018-05-31 18:55:53',334,NULL,34,'1527807338697',35,NULL,NULL),(75,'82','50','2018-05-31 18:55:53',335,NULL,34,'1527807341556',50,NULL,NULL),(75,'83','50','2018-05-31 18:55:53',336,NULL,34,'1527807344618',72,NULL,NULL),(75,'84','50','2018-05-31 18:55:53',337,NULL,34,'1527807347114',90,NULL,NULL),(82,'80','69','2018-05-31 19:08:49',338,NULL,34,'1527808110698',10,NULL,NULL),(82,'81','50','2018-05-31 19:08:49',339,NULL,34,'1527808113893',35,NULL,NULL),(82,'82','50','2018-05-31 19:08:49',340,NULL,34,'1527808117921',50,NULL,NULL),(82,'83','50','2018-05-31 19:08:49',341,NULL,34,'1527808120814',72,NULL,NULL),(82,'84','57','2018-05-31 19:08:49',342,NULL,34,'1527808123575',90,NULL,NULL),(83,'80','66','2018-05-31 21:41:16',343,NULL,34,'1527817143342',10,NULL,NULL),(83,'81','73','2018-05-31 21:41:16',344,NULL,34,'1527817170884',35,NULL,NULL),(83,'82','78','2018-05-31 21:41:16',345,NULL,34,'1527817181394',50,NULL,NULL),(83,'83','50','2018-05-31 21:41:16',346,NULL,34,'1527817206687',72,NULL,NULL),(83,'84','50','2018-05-31 21:41:16',347,NULL,34,'1527817232276',90,NULL,NULL),(84,'80','50','2018-06-01 14:43:42',348,NULL,34,'1527878590905',10,NULL,NULL),(84,'81','50','2018-06-01 14:43:42',349,NULL,34,'1527878592992',35,NULL,NULL),(84,'82','50','2018-06-01 14:43:42',350,NULL,34,'1527878598196',50,NULL,NULL),(84,'83','42','2018-06-01 14:43:42',351,NULL,34,'1527878600639',72,NULL,NULL),(84,'84','43','2018-06-01 14:43:42',352,NULL,34,'1527878603783',90,NULL,NULL),(85,'15','72','2018-07-19 12:14:55',353,NULL,15,'1532016869735',3,NULL,NULL),(85,'16','72','2018-07-19 12:14:55',354,NULL,15,'1532016874881',18,NULL,NULL),(85,'17','70','2018-07-19 12:14:55',355,NULL,14,'1532016878155',36,NULL,NULL),(85,'18','77','2018-07-19 12:14:55',356,NULL,14,'1532016882708',50,NULL,NULL),(85,'19','74','2018-07-19 12:14:55',357,NULL,15,'1532016888004',52,NULL,NULL),(86,'85','84','2018-07-19 13:21:03',358,NULL,35,'1532020191914',20,NULL,NULL),(86,'86','79','2018-07-19 13:21:03',359,NULL,35,'1532020835463',60,NULL,NULL),(86,'87','71','2018-07-19 13:21:03',360,NULL,35,'1532020838562',240,NULL,NULL),(86,'88','67','2018-07-19 13:21:03',361,NULL,35,'1532020841714',280,NULL,NULL),(86,'89','75','2018-07-19 13:21:03',362,NULL,35,'1532020845230',500,NULL,NULL),(86,'90','79','2018-07-19 13:21:03',363,NULL,35,'1532020848513',540,NULL,NULL),(86,'91','68','2018-07-19 13:21:03',364,NULL,35,'1532020851856',840,NULL,NULL),(86,'92','38','2018-07-19 13:21:03',365,NULL,35,'1532020856820',920,NULL,NULL),(87,'85','95','2018-07-19 13:42:41',366,NULL,35,'1532021712986',20,NULL,NULL),(87,'86','90','2018-07-19 13:42:41',367,NULL,35,'1532021953866',60,NULL,NULL),(87,'87','94','2018-07-19 13:42:41',368,NULL,35,'1532021938687',240,NULL,NULL),(87,'88','94','2018-07-19 13:42:41',369,NULL,35,'1532022135263',280,NULL,NULL),(87,'89','0','2018-07-19 13:42:41',370,NULL,35,'1532022082084',500,NULL,NULL),(87,'90','0','2018-07-19 13:42:41',371,NULL,35,'1532022122149',540,NULL,NULL),(87,'91','92','2018-07-19 13:42:41',372,NULL,35,'1532022014173',840,NULL,NULL),(87,'92','87','2018-07-19 13:42:41',373,NULL,35,'1532022019852',920,NULL,NULL),(88,'85','89','2018-07-19 13:53:20',374,NULL,35,'1532022624499',20,NULL,NULL),(88,'86','45','2018-07-19 13:53:20',375,NULL,35,'1532022635088',60,NULL,NULL),(88,'87','94','2018-07-19 13:53:20',376,NULL,35,'1532022712190',240,NULL,NULL),(88,'88','31','2018-07-19 13:53:20',377,NULL,35,'1532022741763',280,NULL,NULL),(88,'89','5','2018-07-19 13:53:20',378,NULL,35,'1532022774773',500,NULL,NULL),(88,'90','0','2018-07-19 13:53:20',379,NULL,35,'1532022782601',540,NULL,NULL),(88,'91','67','2018-07-19 13:53:20',380,NULL,35,'1532022360956',840,NULL,NULL),(88,'92','67','2018-07-19 13:53:20',381,NULL,35,'1532022485849',920,NULL,NULL),(89,'85','100','2018-07-19 14:03:16',382,NULL,35,'1532023279063',20,NULL,NULL),(89,'86','98','2018-07-19 14:03:16',383,NULL,35,'1532023285094',60,NULL,NULL),(89,'87','100','2018-07-19 14:03:16',384,NULL,35,'1532023067313',240,NULL,NULL),(89,'88','96','2018-07-19 14:03:16',385,NULL,35,'1532023086235',280,NULL,NULL),(89,'89','0','2018-07-19 14:03:16',386,NULL,35,'1532023373480',500,NULL,NULL),(89,'90','0','2018-07-19 14:03:16',387,NULL,35,'1532023378054',540,NULL,NULL),(89,'91','60','2018-07-19 14:03:16',388,NULL,35,'1532023159210',840,NULL,NULL),(89,'92','92','2018-07-19 14:03:16',389,NULL,35,'1532023238162',920,NULL,NULL),(90,'85','100','2018-07-19 14:13:33',390,NULL,35,'1532023742563',20,NULL,NULL),(90,'86','100','2018-07-19 14:13:33',391,NULL,35,'1532023776614',60,NULL,NULL),(90,'87','97','2018-07-19 14:13:33',392,NULL,35,'1532023576078',240,NULL,NULL),(90,'88','96','2018-07-19 14:13:33',393,NULL,35,'1532023585740',280,NULL,NULL),(90,'89','0','2018-07-19 14:13:33',394,NULL,35,'1532024004808',500,NULL,NULL),(90,'90','0','2018-07-19 14:13:33',395,NULL,35,'1532024008778',540,NULL,NULL),(90,'91','100','2018-07-19 14:13:33',396,NULL,35,'1532023680149',840,NULL,NULL),(90,'92','96','2018-07-19 14:13:33',397,NULL,35,'1532023685125',920,NULL,NULL),(91,'85','74','2018-08-28 23:25:37',398,NULL,35,'1535513089261',20,NULL,NULL),(91,'86','75','2018-08-28 23:25:37',399,NULL,35,'1535513093882',60,NULL,NULL),(91,'87','76','2018-08-28 23:25:37',400,NULL,35,'1535513097538',240,NULL,NULL),(91,'88','75','2018-08-28 23:25:37',401,NULL,35,'1535513100834',280,NULL,NULL),(91,'89','72','2018-08-28 23:25:37',402,NULL,35,'1535513104120',500,NULL,NULL),(91,'90','85','2018-08-28 23:25:37',403,NULL,35,'1535513107792',540,NULL,NULL),(91,'91','86','2018-08-28 23:25:37',404,NULL,35,'1535513114627',840,NULL,NULL),(91,'92','79','2018-08-28 23:25:37',405,NULL,35,'1535513118592',920,NULL,NULL),(92,'85','82','2018-08-29 00:10:20',406,NULL,35,'1535515791651',20,NULL,NULL),(92,'86','74','2018-08-29 00:10:20',407,NULL,35,'1535515794849',60,NULL,NULL),(92,'87','88','2018-08-29 00:10:20',408,NULL,35,'1535515798506',240,NULL,NULL),(92,'88','88','2018-08-29 00:10:20',409,NULL,35,'1535515802275',280,NULL,NULL),(92,'89','91','2018-08-29 00:10:20',410,NULL,35,'1535515805601',500,NULL,NULL),(92,'90','90','2018-08-29 00:10:20',411,NULL,35,'1535515808949',540,NULL,NULL),(92,'91','93','2018-08-29 00:10:20',412,NULL,35,'1535515813277',840,NULL,NULL),(92,'92','89','2018-08-29 00:10:20',413,NULL,35,'1535515816535',920,NULL,NULL),(93,'85','68','2018-08-29 00:17:30',414,NULL,35,'1535516220051',20,NULL,NULL),(93,'86','80','2018-08-29 00:17:30',415,NULL,35,'1535516224123',60,NULL,NULL),(93,'87','84','2018-08-29 00:17:30',416,NULL,35,'1535516227386',240,NULL,NULL),(93,'88','93','2018-08-29 00:17:30',417,NULL,35,'1535516231228',280,NULL,NULL),(93,'89','90','2018-08-29 00:17:30',418,NULL,35,'1535516234172',500,NULL,NULL),(93,'90','94','2018-08-29 00:17:30',419,NULL,35,'1535516237638',540,NULL,NULL),(93,'91','58','2018-08-29 00:17:30',420,NULL,35,'1535516241582',840,NULL,NULL),(93,'92','86','2018-08-29 00:17:30',421,NULL,35,'1535516244580',920,NULL,NULL),(94,'85','68','2018-08-29 00:17:47',422,NULL,35,'1535516220051',20,NULL,NULL),(94,'86','80','2018-08-29 00:17:47',423,NULL,35,'1535516224123',60,NULL,NULL),(94,'87','84','2018-08-29 00:17:47',424,NULL,35,'1535516227386',240,NULL,NULL),(94,'88','93','2018-08-29 00:17:47',425,NULL,35,'1535516231228',280,NULL,NULL),(94,'89','90','2018-08-29 00:17:47',426,NULL,35,'1535516234172',500,NULL,NULL),(94,'90','94','2018-08-29 00:17:47',427,NULL,35,'1535516237638',540,NULL,NULL),(94,'91','58','2018-08-29 00:17:47',428,NULL,35,'1535516241582',840,NULL,NULL),(94,'92','86','2018-08-29 00:17:47',429,NULL,35,'1535516244580',920,NULL,NULL),(95,'85','68','2018-08-29 00:20:27',430,NULL,35,'1535516220051',20,NULL,NULL),(95,'86','80','2018-08-29 00:20:27',431,NULL,35,'1535516224123',60,NULL,NULL),(95,'87','84','2018-08-29 00:20:27',432,NULL,35,'1535516227386',240,NULL,NULL),(95,'88','93','2018-08-29 00:20:27',433,NULL,35,'1535516231228',280,NULL,NULL),(95,'89','90','2018-08-29 00:20:27',434,NULL,35,'1535516234172',500,NULL,NULL),(95,'90','94','2018-08-29 00:20:27',435,NULL,35,'1535516237638',540,NULL,NULL),(95,'91','58','2018-08-29 00:20:27',436,NULL,35,'1535516241582',840,NULL,NULL),(95,'92','86','2018-08-29 00:20:27',437,NULL,35,'1535516244580',920,NULL,NULL),(96,'85','68','2018-08-29 00:26:38',438,NULL,35,'1535516220051',20,NULL,NULL),(96,'86','80','2018-08-29 00:26:38',439,NULL,35,'1535516224123',60,NULL,NULL),(96,'87','84','2018-08-29 00:26:38',440,NULL,35,'1535516227386',240,NULL,NULL),(96,'88','93','2018-08-29 00:26:38',441,NULL,35,'1535516231228',280,NULL,NULL),(96,'89','90','2018-08-29 00:26:38',442,NULL,35,'1535516234172',500,NULL,NULL),(96,'90','94','2018-08-29 00:26:38',443,NULL,35,'1535516237638',540,NULL,NULL),(96,'91','58','2018-08-29 00:26:38',444,NULL,35,'1535516241582',840,NULL,NULL),(96,'92','86','2018-08-29 00:26:38',445,NULL,35,'1535516244580',920,NULL,NULL),(97,'85','68','2018-08-29 00:27:01',446,NULL,35,'1535516220051',20,NULL,NULL),(97,'86','80','2018-08-29 00:27:01',447,NULL,35,'1535516224123',60,NULL,NULL),(97,'87','84','2018-08-29 00:27:01',448,NULL,35,'1535516227386',240,NULL,NULL),(97,'88','93','2018-08-29 00:27:01',449,NULL,35,'1535516231228',280,NULL,NULL),(97,'89','90','2018-08-29 00:27:01',450,NULL,35,'1535516234172',500,NULL,NULL),(97,'90','94','2018-08-29 00:27:01',451,NULL,35,'1535516237638',540,NULL,NULL),(97,'91','58','2018-08-29 00:27:01',452,NULL,35,'1535516241582',840,NULL,NULL),(97,'92','86','2018-08-29 00:27:01',453,NULL,35,'1535516244580',920,NULL,NULL),(98,'85','68','2018-08-29 00:32:08',454,NULL,35,'1535516220051',20,NULL,NULL),(98,'86','80','2018-08-29 00:32:08',455,NULL,35,'1535516224123',60,NULL,NULL),(98,'87','84','2018-08-29 00:32:08',456,NULL,35,'1535516227386',240,NULL,NULL),(98,'88','93','2018-08-29 00:32:08',457,NULL,35,'1535516231228',280,NULL,NULL),(98,'89','90','2018-08-29 00:32:08',458,NULL,35,'1535516234172',500,NULL,NULL),(98,'90','94','2018-08-29 00:32:08',459,NULL,35,'1535516237638',540,NULL,NULL),(98,'91','58','2018-08-29 00:32:08',460,NULL,35,'1535516241582',840,NULL,NULL),(98,'92','86','2018-08-29 00:32:08',461,NULL,35,'1535516244580',920,NULL,NULL),(99,'85','68','2018-08-29 00:35:34',462,NULL,35,'1535516220051',20,NULL,NULL),(99,'86','80','2018-08-29 00:35:34',463,NULL,35,'1535516224123',60,NULL,NULL),(99,'87','84','2018-08-29 00:35:34',464,NULL,35,'1535516227386',240,NULL,NULL),(99,'88','93','2018-08-29 00:35:34',465,NULL,35,'1535516231228',280,NULL,NULL),(99,'89','90','2018-08-29 00:35:34',466,NULL,35,'1535516234172',500,NULL,NULL),(99,'90','94','2018-08-29 00:35:34',467,NULL,35,'1535516237638',540,NULL,NULL),(99,'91','58','2018-08-29 00:35:34',468,NULL,35,'1535516241582',840,NULL,NULL),(99,'92','86','2018-08-29 00:35:34',469,NULL,35,'1535516244580',920,NULL,NULL),(100,'85','73','2018-08-30 21:33:47',470,NULL,35,'1535679182802',20,NULL,NULL),(100,'86','92','2018-08-30 21:33:47',471,NULL,35,'1535679187131',60,NULL,NULL),(100,'87','28','2018-08-30 21:33:47',472,NULL,35,'1535679191030',240,NULL,NULL),(100,'88','29','2018-08-30 21:33:47',473,NULL,35,'1535679194991',280,NULL,NULL),(100,'89','66','2018-08-30 21:33:47',474,NULL,35,'1535679198586',500,NULL,NULL),(100,'90','69','2018-08-30 21:33:47',475,NULL,35,'1535679201794',540,NULL,NULL),(100,'91','85','2018-08-30 21:33:47',476,NULL,35,'1535679205460',840,NULL,NULL),(100,'92','19','2018-08-30 21:33:47',477,NULL,35,'1535679209085',920,NULL,NULL),(101,'85','86','2018-08-30 21:35:27',478,NULL,35,'1535679280843',20,NULL,NULL),(101,'86','72','2018-08-30 21:35:27',479,NULL,35,'1535679286522',60,NULL,NULL),(101,'87','22','2018-08-30 21:35:27',480,NULL,35,'1535679290357',240,NULL,NULL),(101,'88','61','2018-08-30 21:35:27',481,NULL,35,'1535679295040',280,NULL,NULL),(101,'89','85','2018-08-30 21:35:27',482,NULL,35,'1535679304870',500,NULL,NULL),(101,'90','25','2018-08-30 21:35:27',483,NULL,35,'1535679309039',540,NULL,NULL),(101,'91','97','2018-08-30 21:35:27',484,NULL,35,'1535679313257',840,NULL,NULL),(101,'92','16','2018-08-30 21:35:27',485,NULL,35,'1535679317178',920,NULL,NULL),(102,'85','71','2018-08-30 21:50:28',486,NULL,35,'1535680200794',20,NULL,NULL),(102,'86','75','2018-08-30 21:50:28',487,NULL,35,'1535680204355',60,NULL,NULL),(102,'87','32','2018-08-30 21:50:28',488,NULL,35,'1535680207157',240,NULL,NULL),(102,'88','50','2018-08-30 21:50:28',489,NULL,35,'1535680210125',280,NULL,NULL),(102,'89','94','2018-08-30 21:50:28',490,NULL,35,'1535680213093',500,NULL,NULL),(102,'90','100','2018-08-30 21:50:28',491,NULL,35,'1535680216477',540,NULL,NULL),(102,'91','50','2018-08-30 21:50:28',492,NULL,35,'1535680219812',840,NULL,NULL),(102,'92','50','2018-08-30 21:50:28',493,NULL,35,'1535680223514',920,NULL,NULL),(103,'85','71','2018-08-30 21:51:39',494,NULL,35,'1535680200794',20,NULL,NULL),(103,'86','75','2018-08-30 21:51:39',495,NULL,35,'1535680204355',60,NULL,NULL),(103,'87','32','2018-08-30 21:51:39',496,NULL,35,'1535680207157',240,NULL,NULL),(103,'88','50','2018-08-30 21:51:39',497,NULL,35,'1535680210125',280,NULL,NULL),(103,'89','94','2018-08-30 21:51:39',498,NULL,35,'1535680213093',500,NULL,NULL),(103,'90','100','2018-08-30 21:51:39',499,NULL,35,'1535680216477',540,NULL,NULL),(103,'91','50','2018-08-30 21:51:39',500,NULL,35,'1535680219812',840,NULL,NULL),(103,'92','50','2018-08-30 21:51:39',501,NULL,35,'1535680223514',920,NULL,NULL),(104,'85','71','2018-08-30 21:52:25',502,NULL,35,'1535680200794',20,NULL,NULL),(104,'86','75','2018-08-30 21:52:25',503,NULL,35,'1535680204355',60,NULL,NULL),(104,'87','32','2018-08-30 21:52:25',504,NULL,35,'1535680207157',240,NULL,NULL),(104,'88','50','2018-08-30 21:52:25',505,NULL,35,'1535680210125',280,NULL,NULL),(104,'89','94','2018-08-30 21:52:25',506,NULL,35,'1535680213093',500,NULL,NULL),(104,'90','100','2018-08-30 21:52:25',507,NULL,35,'1535680216477',540,NULL,NULL),(104,'91','50','2018-08-30 21:52:25',508,NULL,35,'1535680219812',840,NULL,NULL),(104,'92','50','2018-08-30 21:52:25',509,NULL,35,'1535680223514',920,NULL,NULL),(105,'85','71','2018-08-31 01:03:10',510,NULL,35,'1535680200794',20,1,NULL),(105,'86','75','2018-08-31 01:03:10',511,NULL,35,'1535680204355',60,1,NULL),(105,'87','32','2018-08-31 01:03:10',512,NULL,35,'1535680207157',240,0,NULL),(105,'88','50','2018-08-31 01:03:10',513,NULL,35,'1535680210125',280,0,NULL),(105,'89','94','2018-08-31 01:03:10',514,NULL,35,'1535680213093',500,2,NULL),(105,'90','100','2018-08-31 01:03:10',515,NULL,35,'1535680216477',540,2,NULL),(105,'91','50','2018-08-31 01:03:10',516,NULL,35,'1535680219812',840,1,NULL),(105,'92','50','2018-08-31 01:03:10',517,NULL,35,'1535680223514',920,1,NULL),(106,'85','50','2018-08-31 09:37:37',518,NULL,35,'1535722622083',20,2,NULL),(106,'86','50','2018-08-31 09:37:37',519,NULL,35,'1535722626134',60,1,NULL),(106,'87','50','2018-08-31 09:37:37',520,NULL,35,'1535722629249',240,1,NULL),(106,'88','50','2018-08-31 09:37:37',521,NULL,35,'1535722632413',280,1,NULL),(106,'89','50','2018-08-31 09:37:37',522,NULL,35,'1535722635049',500,1,NULL),(106,'90','50','2018-08-31 09:37:37',523,NULL,35,'1535722637320',540,1,NULL),(106,'91','50','2018-08-31 09:37:37',524,NULL,35,'1535722643219',840,1,NULL),(106,'92','50','2018-08-31 09:37:37',525,NULL,35,'1535722646364',920,1,NULL),(107,'85','79','2018-08-31 10:47:17',526,NULL,35,'1535726802551',20,2,NULL),(107,'86','33','2018-08-31 10:47:17',527,NULL,35,'1535726806527',60,2,NULL),(107,'87','71','2018-08-31 10:47:17',528,NULL,35,'1535726809779',240,2,NULL),(107,'88','71','2018-08-31 10:47:17',529,NULL,35,'1535726813893',280,1,NULL),(107,'89','73','2018-08-31 10:47:17',530,NULL,35,'1535726817116',500,1,NULL),(107,'90','80','2018-08-31 10:47:17',531,NULL,35,'1535726820031',540,1,NULL),(107,'91','82','2018-08-31 10:47:17',532,NULL,35,'1535726823317',840,1,NULL),(107,'92','75','2018-08-31 10:47:17',533,NULL,35,'1535726827024',920,1,NULL),(108,'85','50','2018-08-31 12:54:29',534,NULL,35,'1535734432563',20,1,NULL),(108,'86','65','2018-08-31 12:54:29',535,NULL,35,'1535734436481',60,1,NULL),(108,'87','71','2018-08-31 12:54:29',536,NULL,35,'1535734440148',240,1,NULL),(108,'88','64','2018-08-31 12:54:29',537,NULL,35,'1535734464415',280,1,NULL),(108,'89','84','2018-08-31 12:54:29',538,NULL,35,'1535734443452',500,1,NULL),(108,'90','38','2018-08-31 12:54:29',539,NULL,35,'1535734446736',540,1,NULL),(108,'91','57','2018-08-31 12:54:29',540,NULL,35,'1535734450119',840,2,NULL),(108,'92','80','2018-08-31 12:54:29',541,NULL,35,'1535734454147',920,1,NULL),(109,'94','11','2018-08-31 13:11:57',542,NULL,37,'1535735486906',10,1,NULL),(109,'95','15','2018-08-31 13:11:57',543,NULL,37,'1535735491781',30,0,NULL),(109,'96','9','2018-08-31 13:11:57',544,NULL,37,'1535735495343',50,0,NULL),(109,'97','12','2018-08-31 13:11:57',545,NULL,37,'1535735499100',70,0,NULL),(109,'98','28','2018-08-31 13:11:57',546,NULL,37,'1535735503394',85,0,NULL),(110,'94','23','2018-08-31 13:13:41',547,NULL,37,'1535735591842',10,0,NULL),(110,'95','23','2018-08-31 13:13:41',548,NULL,37,'1535735597109',30,0,NULL),(110,'96','23','2018-08-31 13:13:41',549,NULL,37,'1535735604671',50,0,NULL),(110,'97','32','2018-08-31 13:13:41',550,NULL,37,'1535735609779',70,0,NULL),(110,'98','31','2018-08-31 13:13:41',551,NULL,37,'1535735613807',85,0,NULL),(111,'94','60','2018-08-31 13:16:45',552,NULL,37,'1535735739338',10,1,NULL),(111,'95','68','2018-08-31 13:16:45',553,NULL,37,'1535735747364',30,1,NULL),(111,'96','71','2018-08-31 13:16:45',554,NULL,37,'1535735755061',50,1,NULL),(111,'97','67','2018-08-31 13:16:45',555,NULL,37,'1535735760671',70,1,NULL),(111,'98','63','2018-08-31 13:16:45',556,NULL,37,'1535735765501',85,1,NULL),(112,'94','80','2018-08-31 13:21:33',557,NULL,37,'1535735927863',10,1,NULL),(112,'95','77','2018-08-31 13:21:33',558,NULL,37,'1535735965648',30,1,NULL),(112,'96','80','2018-08-31 13:21:33',559,NULL,37,'1535735969680',50,1,NULL),(112,'97','85','2018-08-31 13:21:33',560,NULL,37,'1535736042974',70,1,NULL),(112,'98','83','2018-08-31 13:21:33',561,NULL,37,'1535736085420',85,1,NULL),(113,'94','98','2018-08-31 13:33:54',562,NULL,37,'1535736675348',10,1,NULL),(113,'95','88','2018-08-31 13:33:54',563,NULL,37,'1535736706956',30,2,NULL),(113,'96','89','2018-08-31 13:33:54',564,NULL,37,'1535736734365',50,2,NULL),(113,'97','98','2018-08-31 13:33:54',565,NULL,37,'1535736783118',70,2,NULL),(113,'98','91','2018-08-31 13:33:54',566,NULL,37,'1535736812427',85,2,NULL),(114,'94','95','2018-08-31 13:39:56',567,NULL,37,'1535737024227',10,2,NULL),(114,'95','75','2018-08-31 13:39:56',568,NULL,37,'1535737067492',30,2,NULL),(114,'96','85','2018-08-31 13:39:56',569,NULL,37,'1535737101650',50,2,NULL),(114,'97','90','2018-08-31 13:39:56',570,NULL,37,'1535737160675',70,2,NULL),(114,'98','92','2018-08-31 13:39:56',571,NULL,37,'1535737185122',85,2,NULL),(115,'99','60','2018-08-31 14:31:21',572,NULL,38,'1535740235756',3600,1,NULL),(115,'100','12','2018-08-31 14:31:21',573,NULL,38,'1535740138340',7200,0,NULL),(115,'101','59','2018-08-31 14:31:21',574,NULL,38,'1535740026194',60,1,NULL),(116,'102','76','2018-09-17 13:41:29',575,NULL,39,'1537206039914',30,1,NULL),(116,'103','22','2018-09-17 13:41:29',576,NULL,39,'1537206055712',120,0,NULL),(116,'104','11','2018-09-17 13:41:29',577,NULL,39,'1537206069870',300,0,NULL),(116,'105','0','2018-09-17 13:41:29',578,NULL,39,'1537206078326',360,0,NULL),(117,'102','14','2018-09-20 08:55:28',579,NULL,39,'1537448059051',30,0,NULL),(117,'103','19','2018-09-20 08:55:28',580,NULL,39,'1537448076342',120,0,NULL),(117,'104','24','2018-09-20 08:55:28',581,NULL,39,'1537448107442',300,0,NULL),(117,'105','36','2018-09-20 08:55:28',582,NULL,39,'1537448114906',360,0,NULL),(118,'94','72','2018-10-08 01:50:37',583,NULL,37,'1538977816317',10,0,NULL),(118,'95','62','2018-10-08 01:50:37',584,NULL,37,'1538977821207',30,1,NULL),(118,'96','76','2018-10-08 01:50:37',585,NULL,37,'1538977824797',50,1,NULL),(118,'97','90','2018-10-08 01:50:37',586,NULL,37,'1538977827977',70,1,NULL),(118,'98','89','2018-10-08 01:50:37',587,NULL,37,'1538977831416',85,1,NULL),(119,'94','67','2018-10-08 01:53:18',588,NULL,37,'1538977975580',10,1,NULL),(119,'95','74','2018-10-08 01:53:18',589,NULL,37,'1538977979636',30,1,NULL),(119,'96','76','2018-10-08 01:53:18',590,NULL,37,'1538977983083',50,1,NULL),(119,'97','84','2018-10-08 01:53:18',591,NULL,37,'1538977987234',70,1,NULL),(119,'98','85','2018-10-08 01:53:18',592,NULL,37,'1538977990817',85,1,NULL),(120,'94','80','2018-10-08 01:56:08',593,NULL,37,'1538978146368',10,2,NULL),(120,'95','90','2018-10-08 01:56:08',594,NULL,37,'1538978150288',30,1,NULL),(120,'96','91','2018-10-08 01:56:08',595,NULL,37,'1538978153553',50,1,NULL),(120,'97','79','2018-10-08 01:56:08',596,NULL,37,'1538978157285',70,1,NULL),(120,'98','86','2018-10-08 01:56:08',597,NULL,37,'1538978160548',85,1,NULL),(121,'94','72','2018-10-08 02:01:32',598,NULL,37,'1538978459911',10,1,NULL),(121,'95','78','2018-10-08 02:01:32',599,NULL,37,'1538978463091',30,1,NULL),(121,'96','90','2018-10-08 02:01:32',600,NULL,37,'1538978466302',50,1,NULL),(121,'97','92','2018-10-08 02:01:32',601,NULL,37,'1538978469587',70,1,NULL),(121,'98','94','2018-10-08 02:01:32',602,NULL,37,'1538978473525',85,1,NULL);
/*!40000 ALTER TABLE `PLAYED_EVENTS` ENABLE KEYS */;
UNLOCK TABLES;

--
-- Table structure for table `PLAYS`
--

DROP TABLE IF EXISTS `PLAYS`;
/*!40101 SET @saved_cs_client     = @@character_set_client */;
/*!40101 SET character_set_client = utf8 */;
CREATE TABLE `PLAYS` (
  `PLAY_ID` int(11) NOT NULL AUTO_INCREMENT,
  `user_id` varchar(64) NOT NULL,
  `SCENARIO_ID` int(11) NOT NULL,
  `CREATED_AT` datetime NOT NULL DEFAULT CURRENT_TIMESTAMP,
  PRIMARY KEY (`PLAY_ID`)
) ENGINE=InnoDB AUTO_INCREMENT=122 DEFAULT CHARSET=latin1;
/*!40101 SET character_set_client = @saved_cs_client */;

--
-- Dumping data for table `PLAYS`
--

LOCK TABLES `PLAYS` WRITE;
/*!40000 ALTER TABLE `PLAYS` DISABLE KEYS */;
INSERT INTO `PLAYS` VALUES (1,'1',47,'2017-06-26 05:18:13'),(2,'1',58,'2017-06-27 03:56:10'),(3,'1',58,'2017-06-27 03:57:52'),(4,'1',58,'2017-06-27 04:00:36'),(5,'1',58,'2017-06-27 04:01:52'),(6,'1',6,'2017-06-27 08:33:55'),(7,'1',1,'2017-08-21 05:48:02'),(8,'1',7,'2017-08-23 11:26:57'),(9,'1',7,'2017-08-23 11:31:56'),(10,'1',7,'2017-08-23 11:42:51'),(11,'1',7,'2017-08-23 11:43:47'),(12,'1',7,'2017-08-23 11:44:38'),(13,'1',7,'2017-08-23 11:45:34'),(14,'1',1,'2017-08-23 14:01:01'),(15,'1',7,'2017-08-25 22:18:18'),(16,'1',17,'2017-09-18 20:57:09'),(17,'1',17,'2017-09-18 20:58:03'),(18,'1',17,'2017-09-18 20:58:51'),(19,'1',17,'2017-09-18 20:59:37'),(20,'1',17,'2017-09-18 21:00:22'),(21,'1',17,'2017-09-18 21:01:12'),(22,'1',17,'2017-10-09 03:05:59'),(23,'1',17,'2017-10-30 21:02:33'),(24,'1',17,'2017-10-30 21:04:35'),(25,'1',17,'2017-10-31 11:15:12'),(26,'1',17,'2017-11-02 22:34:11'),(27,'1',17,'2017-11-02 22:37:59'),(28,'1',17,'2017-11-02 22:39:33'),(29,'1',17,'2017-11-02 22:41:42'),(30,'1',17,'2017-11-02 22:43:12'),(31,'1',17,'2017-11-13 10:38:53'),(32,'1',17,'2017-11-13 10:46:20'),(33,'1',17,'2017-11-13 11:01:54'),(34,'1',17,'2017-11-13 11:05:51'),(35,'1',17,'2017-11-13 11:07:06'),(36,'1',17,'2017-11-13 11:10:32'),(37,'1',17,'2017-11-13 11:11:58'),(38,'1',19,'2017-11-13 12:32:53'),(39,'1',21,'2017-11-17 05:54:59'),(40,'1',17,'2018-04-02 04:06:24'),(41,'1',17,'2018-04-02 04:44:01'),(42,'1',17,'2018-04-02 04:45:20'),(43,'1',17,'2018-04-02 04:45:49'),(44,'1',17,'2018-04-02 04:46:52'),(45,'1',17,'2018-04-02 04:51:07'),(46,'1',17,'2018-04-02 04:52:56'),(47,'1',17,'2018-04-02 05:47:34'),(48,'1',17,'2018-04-02 10:17:09'),(49,'1',17,'2018-04-02 10:19:44'),(50,'1',27,'2018-04-02 11:41:47'),(51,'1',27,'2018-04-02 12:47:25'),(52,'1',27,'2018-04-02 12:56:25'),(53,'1',27,'2018-04-02 12:57:53'),(54,'1',27,'2018-04-02 12:58:40'),(55,'1',27,'2018-04-02 13:00:11'),(56,'1',27,'2018-04-02 13:02:01'),(57,'1',27,'2018-04-02 13:03:34'),(58,'1',27,'2018-04-02 13:04:21'),(59,'1',27,'2018-04-02 13:05:09'),(60,'1',28,'2018-04-03 12:53:49'),(61,'1',29,'2018-04-05 13:52:58'),(62,'1',29,'2018-04-05 15:17:04'),(63,'1',28,'2018-04-05 16:27:12'),(64,'1',28,'2018-04-05 16:28:23'),(65,'1',28,'2018-04-05 16:29:18'),(66,'1',28,'2018-04-05 16:30:22'),(67,'1',28,'2018-04-05 16:32:42'),(68,'1',28,'2018-04-05 16:33:59'),(69,'1',29,'2018-04-05 17:03:50'),(70,'1',28,'2018-04-05 17:04:59'),(71,'1',28,'2018-04-05 17:06:23'),(72,'1',28,'2018-04-05 17:07:48'),(73,'1',28,'2018-04-05 17:22:08'),(74,'1',29,'2018-04-10 13:51:50'),(75,'1',29,'2018-05-31 18:55:53'),(76,'1',29,'2018-05-31 19:03:07'),(77,'1',29,'2018-05-31 19:03:30'),(78,'1',29,'2018-05-31 19:04:14'),(79,'1',29,'2018-05-31 19:04:43'),(80,'1',29,'2018-05-31 19:04:43'),(81,'1',29,'2018-05-31 19:06:14'),(82,'1',29,'2018-05-31 19:08:49'),(83,'1',29,'2018-05-31 21:41:16'),(84,'1',29,'2018-06-01 14:43:42'),(85,'1',17,'2018-07-19 12:14:55'),(86,'1',30,'2018-07-19 13:21:02'),(87,'1',30,'2018-07-19 13:42:41'),(88,'1',30,'2018-07-19 13:53:20'),(89,'1',30,'2018-07-19 14:03:16'),(90,'1',30,'2018-07-19 14:13:33'),(91,'1',30,'2018-08-28 23:25:37'),(92,'1',30,'2018-08-29 00:10:20'),(93,'1',30,'2018-08-29 00:17:30'),(94,'1',30,'2018-08-29 00:17:47'),(95,'1',30,'2018-08-29 00:20:27'),(96,'1',30,'2018-08-29 00:26:38'),(97,'1',30,'2018-08-29 00:27:01'),(98,'1',30,'2018-08-29 00:32:08'),(99,'1',30,'2018-08-29 00:35:34'),(100,'1',30,'2018-08-30 21:33:47'),(101,'1',30,'2018-08-30 21:35:27'),(102,'1',30,'2018-08-30 21:50:28'),(103,'1',30,'2018-08-30 21:51:39'),(104,'1',30,'2018-08-30 21:52:25'),(105,'1',30,'2018-08-31 01:03:10'),(106,'1',30,'2018-08-31 09:37:37'),(107,'1',30,'2018-08-31 10:47:17'),(108,'1',30,'2018-08-31 12:54:29'),(109,'1',32,'2018-08-31 13:11:57'),(110,'1',32,'2018-08-31 13:13:41'),(111,'1',32,'2018-08-31 13:16:45'),(112,'1',32,'2018-08-31 13:21:33'),(113,'1',32,'2018-08-31 13:33:54'),(114,'1',32,'2018-08-31 13:39:56'),(115,'1',33,'2018-08-31 14:31:21'),(116,'1',34,'2018-09-17 13:41:29'),(117,'1',34,'2018-09-20 08:55:28'),(118,'1',32,'2018-10-08 01:50:37'),(119,'1',32,'2018-10-08 01:53:18'),(120,'1',32,'2018-10-08 01:56:08'),(121,'1',32,'2018-10-08 02:01:32');
/*!40000 ALTER TABLE `PLAYS` ENABLE KEYS */;
UNLOCK TABLES;

--
-- Table structure for table `PLAYS_COMMENTS`
--

DROP TABLE IF EXISTS `PLAYS_COMMENTS`;
/*!40101 SET @saved_cs_client     = @@character_set_client */;
/*!40101 SET character_set_client = utf8 */;
CREATE TABLE `PLAYS_COMMENTS` (
  `ROW_ID` int(11) NOT NULL AUTO_INCREMENT,
  `COMMENT` text NOT NULL,
  `CREATED_AT` datetime NOT NULL DEFAULT CURRENT_TIMESTAMP,
  `PLAY_ID` int(11) NOT NULL,
  PRIMARY KEY (`ROW_ID`)
) ENGINE=InnoDB AUTO_INCREMENT=40 DEFAULT CHARSET=latin1;
/*!40101 SET character_set_client = @saved_cs_client */;

--
-- Dumping data for table `PLAYS_COMMENTS`
--

LOCK TABLES `PLAYS_COMMENTS` WRITE;
/*!40000 ALTER TABLE `PLAYS_COMMENTS` DISABLE KEYS */;
INSERT INTO `PLAYS_COMMENTS` VALUES (26,'dddd','2017-11-02 22:43:12',30),(27,'dddd','2017-11-02 22:43:12',30),(28,'This is just a test','2017-11-13 10:46:20',32),(29,'ddd','2017-11-13 11:07:06',35),(30,'This person peformed well','2017-11-13 11:11:58',37),(31,'All went good','2017-11-13 12:32:53',38),(32,'Learner is having difficulty doing induction','2018-04-02 11:41:47',50),(33,'Learner Took some time doing desaturation','2018-04-02 11:41:47',50),(34,'Difficulty Recognizing desaturation','2018-04-05 15:17:04',62),(35,'helo','2018-07-19 13:21:02',86),(36,'2nd scenario Started','2018-07-19 13:53:20',88),(37,'Scenario ended','2018-07-19 13:53:20',88),(38,'Scenario Finished','2018-07-19 14:03:16',89),(39,'Physiological sensor dropped out','2018-08-31 14:31:21',115);
/*!40000 ALTER TABLE `PLAYS_COMMENTS` ENABLE KEYS */;
UNLOCK TABLES;

--
-- Table structure for table `PLAYS_TRAINEE`
--

DROP TABLE IF EXISTS `PLAYS_TRAINEE`;
/*!40101 SET @saved_cs_client     = @@character_set_client */;
/*!40101 SET character_set_client = utf8 */;
CREATE TABLE `PLAYS_TRAINEE` (
  `ROW_ID` int(11) NOT NULL AUTO_INCREMENT,
  `PLAY_ID` int(11) NOT NULL,
  `TRAINEE_F_NAME` varchar(311) NOT NULL,
  `CREATED_AT` datetime NOT NULL DEFAULT CURRENT_TIMESTAMP,
  `TRAINEE_L_NAME` varchar(311) NOT NULL,
  `TRAINEE_DISCIPLINE` varchar(45) NOT NULL,
  `TRAINEE_YEARS` int(11) NOT NULL,
  `SCENARIO_ROLE_ID` int(11) NOT NULL,
  `RATING` int(11) NOT NULL,
  `DEVICECONNECTTIME` decimal(23,5) DEFAULT NULL,
  `SERIALNUMBER` varchar(45) DEFAULT NULL,
  `LEARNER_ID` int(11) NOT NULL,
  `ROCKET_ID` varchar(45) NOT NULL,
  PRIMARY KEY (`ROW_ID`)
) ENGINE=InnoDB AUTO_INCREMENT=111 DEFAULT CHARSET=latin1;
/*!40101 SET character_set_client = @saved_cs_client */;

--
-- Dumping data for table `PLAYS_TRAINEE`
--

LOCK TABLES `PLAYS_TRAINEE` WRITE;
/*!40000 ALTER TABLE `PLAYS_TRAINEE` DISABLE KEYS */;
INSERT INTO `PLAYS_TRAINEE` VALUES (23,24,'John','2017-10-30 21:04:35','JANZABE','CS',1,14,0,NULL,NULL,0,''),(24,24,'John1','2017-10-30 21:04:35','JANZABE','BS',1,15,0,NULL,NULL,0,''),(25,25,'John','2017-10-31 11:15:12','JANZABE','CS',1,14,0,NULL,NULL,0,''),(26,25,'John1','2017-10-31 11:15:12','JANZABE','BS',1,15,0,NULL,NULL,0,''),(27,30,'John','2017-11-02 22:43:12','JANZABE','CS',1,14,0,NULL,NULL,0,''),(28,30,'John1','2017-11-02 22:43:12','JANZABE','BS',1,15,0,NULL,NULL,0,''),(29,32,'John','2017-11-13 10:46:20','JANZABE','CS',1,14,0,NULL,NULL,0,''),(30,32,'John1','2017-11-13 10:46:20','JANZABE','Cs',1,15,0,NULL,NULL,0,''),(31,35,'John','2017-11-13 11:07:06','JANZABE','CS',1,14,3,NULL,NULL,0,''),(32,35,'John1','2017-11-13 11:07:06','JANZABE','BS',1,15,3,NULL,NULL,0,''),(33,36,'John','2017-11-13 11:10:32','JANZABE','CS',1,14,3,NULL,NULL,0,''),(34,36,'John1','2017-11-13 11:10:32','JANZABE','Cs',1,15,3,NULL,NULL,0,''),(35,37,'John','2017-11-13 11:11:58','JANZABE','CS',1,14,3,NULL,NULL,0,''),(36,37,'John1','2017-11-13 11:11:58','JANZABE','BS',1,15,2,NULL,NULL,0,''),(37,38,'John','2017-11-13 12:32:53','JANZABE','General Sergery',1,22,3,NULL,NULL,0,''),(38,38,'John1','2017-11-13 12:32:53','JANZABE','OR Nurse',1,23,2,NULL,NULL,0,''),(39,38,'Jane1','2017-11-13 12:32:53','JANZABE','Anertheology',1,24,2,NULL,NULL,0,''),(40,39,'John','2017-11-17 05:54:59','JANZABE','ER Doctor',1,26,2,NULL,NULL,0,''),(41,40,'John','2018-04-02 04:06:24','JANZABE','CS',1,14,1,NULL,NULL,0,''),(42,40,'Hamza','2018-04-02 04:06:24','JANZABE','BS',1,15,3,NULL,NULL,0,''),(43,44,'John','2018-04-02 04:46:52','JANZABE','CS',1,14,1,NULL,NULL,0,''),(44,44,'Hamza','2018-04-02 04:46:52','JANZABE','CS',1,15,1,NULL,NULL,0,''),(45,45,'John','2018-04-02 04:51:07','JANZABE','CS',1,14,1,NULL,NULL,0,''),(46,45,'Hamza','2018-04-02 04:51:07','JANZABE','CS',1,15,1,NULL,NULL,0,''),(47,46,'John','2018-04-02 04:52:56','JANZABE','CS',1,14,1,NULL,NULL,0,''),(48,46,'Hamza','2018-04-02 04:52:56','JANZABE','CS',1,15,1,NULL,NULL,0,''),(49,47,'John','2018-04-02 05:47:34','JANZABE','CS',1,14,1,NULL,NULL,0,''),(50,47,'John1','2018-04-02 05:47:34','JANZABE','BS',1,15,1,NULL,NULL,0,''),(51,48,'John','2018-04-02 10:17:09','JANZABE','CS',1,14,1,NULL,NULL,0,''),(52,48,'John','2018-04-02 10:17:09','JANZABE','CS',1,15,1,NULL,NULL,0,''),(53,49,'Hamza','2018-04-02 10:19:44','JANZABE','CS',1,14,3,NULL,NULL,0,''),(54,49,'John','2018-04-02 10:19:44','JANZABE','CS',1,15,3,NULL,NULL,0,''),(55,50,'John','2018-04-02 11:41:47','JANZABE','Anesthesiology',3,32,2,NULL,NULL,0,''),(56,51,'Safia','2018-04-02 12:47:25','JANZABE','CS',1,32,1,NULL,NULL,0,''),(57,52,'Jack','2018-04-02 12:56:25','JANZABE','CS',1,32,1,NULL,NULL,0,''),(58,53,'Jack','2018-04-02 12:57:53','JANZABE','CS',1,32,1,NULL,NULL,0,''),(59,54,'John','2018-04-02 12:58:40','JANZABE','Anesthesiologist',1,32,1,NULL,NULL,0,''),(60,55,'Jack','2018-04-02 13:00:11','JANZABE','CS',1,32,3,NULL,NULL,0,''),(61,56,'Jack','2018-04-02 13:02:01','JANZABE','CS',1,32,3,NULL,NULL,0,''),(62,57,'Jack','2018-04-02 13:03:34','JANZABE','CS',1,32,3,NULL,NULL,0,''),(63,58,'Jack','2018-04-02 13:04:21','JANZABE','CS',1,32,3,NULL,NULL,0,''),(64,59,'Jack','2018-04-02 13:05:09','JANZABE','CS',1,32,3,NULL,NULL,0,''),(65,60,'Hamzas','2018-04-03 12:53:49','JANZABE','CS',1,33,3,NULL,NULL,0,''),(66,61,'John','2018-04-05 13:52:58','JANZABE','Anes',1,34,2,NULL,NULL,0,''),(67,62,'John','2018-04-05 15:17:04','JANZABE','Anesthesiology',1,34,1,NULL,NULL,0,''),(68,63,'Jane','2018-04-05 16:27:12','JANZABE','Anesthesiology',1,33,1,NULL,NULL,0,''),(69,64,'Jane','2018-04-05 16:28:23','JANZABE','CS',1,33,3,NULL,NULL,0,''),(70,65,'Jane','2018-04-05 16:29:18','JANZABE','CS',1,33,1,NULL,NULL,0,''),(71,66,'Jane','2018-04-05 16:30:22','JANZABE','CS',1,33,1,NULL,NULL,0,''),(72,67,'Jane','2018-04-05 16:32:42','JANZABE','Anesthesiology',1,33,1,NULL,NULL,0,''),(73,68,'Jane','2018-04-05 16:33:59','JANZABE','CS',1,33,3,NULL,NULL,0,''),(74,69,'John','2018-04-05 17:03:50','JANZABE','Anes',1,34,3,NULL,NULL,0,''),(75,70,'Jane','2018-04-05 17:04:59','JANZABE','CS',1,33,3,NULL,NULL,0,''),(76,71,'Jane','2018-04-05 17:06:23','JANZABE','CS',1,33,3,NULL,NULL,0,''),(77,72,'Jane','2018-04-05 17:07:48','JANZABE','CS',1,33,3,NULL,NULL,0,''),(78,73,'Jane','2018-04-05 17:22:08','JANZABE','CS',1,33,3,NULL,NULL,0,''),(79,74,'John','2018-04-10 13:51:50','JANZABE','Anesthesiology',2,34,2,NULL,NULL,0,''),(80,75,'John','2018-05-31 18:55:53','JANZABE','cs',1,34,2,NULL,NULL,0,''),(81,82,'John','2018-05-31 19:08:49','JANZABE','Anesthesiology',1,34,3,1234.00000,'123f',0,''),(82,83,'John','2018-05-31 21:41:16','JANZABE','Anesthesiology',1,34,3,1527817022.00000,'A016B5',0,''),(83,84,'John','2018-06-01 14:43:42','JANZABE','Anesthesiology',1,34,2,1527878434.00000,'A016B5',0,''),(84,85,'Hamza','2018-07-19 12:14:55','JANZABE','cs',1,14,3,12356787.00000,'1234',0,''),(85,85,'Scott','2018-07-19 12:14:55','JANZABE','cs',1,15,3,12356787.00000,'1234',0,''),(86,86,'John','2018-07-19 13:21:03','JANZABE','Anesthesiologist',1,35,1,0.00000,'0',0,''),(87,87,'MArk','2018-07-19 13:42:41','JANZABE','Anesthesiologist',4,35,1,0.00000,'0',0,''),(88,88,'Calvin','2018-07-19 13:53:20','JANZABE','Anesthesiologist',4,35,1,0.00000,'0',0,''),(89,89,'Jenna','2018-07-19 14:03:16','JANZABE','Anesthesiologist',3,35,1,0.00000,'0',0,''),(90,90,'Drew','2018-07-19 14:13:33','JANZABE','Anesthesiologist',1,35,1,0.00000,'0',0,''),(91,99,'John','2018-08-29 00:35:34','JANZABE','Anesthesiologist',1,35,1,1535513010094.00000,'D12PI123',0,''),(92,100,'John','2018-08-30 21:33:47','JANZABE','Anesthesiologist',1,35,2,0.00000,'0',0,''),(93,101,'John','2018-08-30 21:35:27','JANZABE','Anesthesiologist',1,35,3,0.00000,'0',0,''),(94,102,'John','2018-08-30 21:50:28','JANZABE','Anesthesiologist',1,35,2,0.00000,'0',0,''),(95,103,'John','2018-08-30 21:51:39','JANZABE','Anesthesiologist',1,35,2,0.00000,'0',0,''),(96,104,'John','2018-08-30 21:52:25','JANZABE','Anesthesiologist',1,35,2,0.00000,'0',0,''),(97,105,'John','2018-08-31 01:03:10','JANZABE','Anesthesiologist',1,35,2,0.00000,'0',0,''),(98,106,'Jack','2018-08-31 09:37:37','JANZABE','Anesthesiologist',1,35,2,1535721983964.00000,'D12PI123',0,''),(99,107,'John','2018-08-31 10:47:17','JANZABE','CS',1,35,2,1535726773840.00000,'D12PI123',0,''),(100,108,'John','2018-08-31 12:54:29','JANZABE','Anesthesiologist',1,35,2,1535733858335.00000,'D12PI123',0,''),(101,109,'Jack','2018-08-31 13:11:57','JANZABE','Anesthesiology',1,37,3,1535735365518.00000,'D12PI123',0,''),(102,110,'Jack','2018-08-31 13:13:41','JANZABE','Anesthesiology',1,37,2,1535735365518.00000,'D12PI123',0,''),(103,111,'Jack','2018-08-31 13:16:45','JANZABE','Anesthesiology',1,37,2,1535735365518.00000,'D12PI123',0,''),(104,112,'Jack','2018-08-31 13:21:33','JANZABE','Anesthesiology',1,37,3,1535735365518.00000,'D12PI123',0,''),(105,113,'Jack','2018-08-31 13:33:54','JANZABE','Anesthesiology',1,37,3,1535735365518.00000,'D12PI123',0,''),(106,114,'Jack','2018-08-31 13:39:56','JANZABE','Anesthesiology',1,37,3,1535735365518.00000,'D12PI123',0,''),(107,115,'John','2018-08-31 14:31:21','JANZABE','Combat Medic',5,38,2,1535740015532.00000,'D12PI123',0,''),(108,116,'Jane','2018-09-17 13:41:29','JANZABE','Anesthesiology',1,39,1,1537204973258.00000,'D12PI123',0,''),(109,117,'Hamza','2018-09-20 08:55:28','Owais','CS',1,39,1,1537448022226.00000,'D12PI123',0,''),(110,121,'HEELLO','2018-10-08 02:01:32','HEELLO','MEDICINE',1,37,3,1538977405463.00000,'D12PI123',12321,'47');
/*!40000 ALTER TABLE `PLAYS_TRAINEE` ENABLE KEYS */;
UNLOCK TABLES;

--
-- Table structure for table `PLAYS_VID`
--

DROP TABLE IF EXISTS `PLAYS_VID`;
/*!40101 SET @saved_cs_client     = @@character_set_client */;
/*!40101 SET character_set_client = utf8 */;
CREATE TABLE `PLAYS_VID` (
  `PLAYS_VID_ID` int(11) NOT NULL AUTO_INCREMENT,
  `PLAY_ID` int(11) NOT NULL,
  `CREATED_AT` datetime NOT NULL DEFAULT CURRENT_TIMESTAMP,
  `PATH` text NOT NULL,
  `NAME` varchar(45) NOT NULL,
  PRIMARY KEY (`PLAYS_VID_ID`)
) ENGINE=InnoDB AUTO_INCREMENT=147 DEFAULT CHARSET=latin1;
/*!40101 SET character_set_client = @saved_cs_client */;

--
-- Dumping data for table `PLAYS_VID`
--

LOCK TABLES `PLAYS_VID` WRITE;
/*!40000 ALTER TABLE `PLAYS_VID` DISABLE KEYS */;
INSERT INTO `PLAYS_VID` VALUES (141,109,'2018-09-06 12:24:41','images/uploads/109-1536251081895.mp4','109-1536251081895.mp4'),(142,109,'2018-09-07 01:13:59','images/uploads/109-1536297239675.mp4','109-1536297239675.mp4'),(143,109,'2018-09-07 13:42:46','images/uploads/109-1536342166001.mp4','109-1536342166001.mp4'),(144,109,'2018-09-07 13:44:22','images/uploads/109-1536342262011.octet-stream','109-1536342262011.octet-stream'),(145,109,'2018-09-07 17:04:55','images/uploads/109-1536354264315.mp4','109-1536354264315.mp4'),(146,110,'2018-09-08 18:03:51','images/uploads/110-1536444231791.mp4','110-1536444231791.mp4');
/*!40000 ALTER TABLE `PLAYS_VID` ENABLE KEYS */;
UNLOCK TABLES;

--
-- Table structure for table `POSTASSESSMENT_RESPONSE`
--

DROP TABLE IF EXISTS `POSTASSESSMENT_RESPONSE`;
/*!40101 SET @saved_cs_client     = @@character_set_client */;
/*!40101 SET character_set_client = utf8 */;
CREATE TABLE `POSTASSESSMENT_RESPONSE` (
  `RESPONSE_ID` int(11) NOT NULL AUTO_INCREMENT,
  `COURSE_ID` int(11) NOT NULL,
  `LEARNER_ID` int(11) NOT NULL,
  `LEARNER_NAME` varchar(255) DEFAULT NULL,
  `CREATED_AT` datetime DEFAULT CURRENT_TIMESTAMP,
  `UPDATE_AT` datetime DEFAULT CURRENT_TIMESTAMP,
  `LEARNER_DETAIL` mediumtext NOT NULL,
  `FORMDATA` mediumtext NOT NULL,
  PRIMARY KEY (`RESPONSE_ID`)
) ENGINE=InnoDB AUTO_INCREMENT=45 DEFAULT CHARSET=latin1;
/*!40101 SET character_set_client = @saved_cs_client */;

--
-- Dumping data for table `POSTASSESSMENT_RESPONSE`
--

LOCK TABLES `POSTASSESSMENT_RESPONSE` WRITE;
/*!40000 ALTER TABLE `POSTASSESSMENT_RESPONSE` DISABLE KEYS */;
INSERT INTO `POSTASSESSMENT_RESPONSE` VALUES (42,37,50,'Hamza Owais','2018-10-08 05:56:16','2018-10-08 05:56:16','{\"LEARNER_ID\":50,\"LEARNER_NAME\":\"Hamza Owais\",\"ROCKET_ID\":\"122\",\"ROLE\":\"cs\",\"YEARS\":1,\"FACULTY\":\"CS\",\"COURSE_ID\":37,\"CREATED_AT\":\"2018-10-08T07:05:55.000Z\",\"UPDATE_AT\":\"2018-10-08T07:05:55.000Z\"}','{}'),(43,37,50,'Hamza Owais','2018-10-08 05:58:35','2018-10-08 05:58:35','{\"LEARNER_ID\":50,\"LEARNER_NAME\":\"Hamza Owais\",\"ROCKET_ID\":\"122\",\"ROLE\":\"cs\",\"YEARS\":1,\"FACULTY\":\"CS\",\"COURSE_ID\":37,\"CREATED_AT\":\"2018-10-08T07:05:55.000Z\",\"UPDATE_AT\":\"2018-10-08T07:05:55.000Z\"}','{\"Mental Demand\":50,\"Physical Demand\":50,\"Temporal Demand\":50,\"Performance\":50,\"Effort\":50,\"Frustration\":50}'),(44,37,50,'Hamza Owais','2018-10-08 06:34:26','2018-10-08 06:34:26','{\"LEARNER_ID\":50,\"LEARNER_NAME\":\"Hamza Owais\",\"ROCKET_ID\":\"122\",\"ROLE\":\"cs\",\"YEARS\":1,\"FACULTY\":\"CS\",\"COURSE_ID\":37,\"CREATED_AT\":\"2018-10-08T07:05:55.000Z\",\"UPDATE_AT\":\"2018-10-08T07:05:55.000Z\"}','{\"Mental Demand\":50,\"Physical Demand\":50,\"Temporal Demand\":50,\"Performance\":50,\"Effort\":50,\"Frustration\":50}');
/*!40000 ALTER TABLE `POSTASSESSMENT_RESPONSE` ENABLE KEYS */;
UNLOCK TABLES;

--
-- Table structure for table `PREASSESSMENT_RESPONSE`
--

DROP TABLE IF EXISTS `PREASSESSMENT_RESPONSE`;
/*!40101 SET @saved_cs_client     = @@character_set_client */;
/*!40101 SET character_set_client = utf8 */;
CREATE TABLE `PREASSESSMENT_RESPONSE` (
  `RESPONSE_ID` int(11) NOT NULL AUTO_INCREMENT,
  `COURSE_ID` int(11) NOT NULL,
  `LEARNER_ID` int(11) NOT NULL,
  `LEARNER_NAME` varchar(255) DEFAULT NULL,
  `CREATED_AT` datetime DEFAULT CURRENT_TIMESTAMP,
  `UPDATE_AT` datetime DEFAULT CURRENT_TIMESTAMP,
  `LEARNER_DETAIL` mediumtext NOT NULL,
  `FORMDATA` mediumtext NOT NULL,
  PRIMARY KEY (`RESPONSE_ID`)
) ENGINE=InnoDB AUTO_INCREMENT=43 DEFAULT CHARSET=latin1;
/*!40101 SET character_set_client = @saved_cs_client */;

--
-- Dumping data for table `PREASSESSMENT_RESPONSE`
--

LOCK TABLES `PREASSESSMENT_RESPONSE` WRITE;
/*!40000 ALTER TABLE `PREASSESSMENT_RESPONSE` DISABLE KEYS */;
INSERT INTO `PREASSESSMENT_RESPONSE` VALUES (42,37,50,'Hamza Owais','2018-10-08 05:46:01','2018-10-08 05:46:01','{\"LEARNER_ID\":50,\"LEARNER_NAME\":\"Hamza Owais\",\"ROCKET_ID\":\"122\",\"ROLE\":\"cs\",\"YEARS\":1,\"FACULTY\":\"CS\",\"COURSE_ID\":37,\"CREATED_AT\":\"2018-10-08T07:05:55.000Z\",\"UPDATE_AT\":\"2018-10-08T07:05:55.000Z\"}','{\"Q3\":56,\"Q4\":50,\"Q3231\":50}');
/*!40000 ALTER TABLE `PREASSESSMENT_RESPONSE` ENABLE KEYS */;
UNLOCK TABLES;

--
-- Table structure for table `SCENARIO`
--

DROP TABLE IF EXISTS `SCENARIO`;
/*!40101 SET @saved_cs_client     = @@character_set_client */;
/*!40101 SET character_set_client = utf8 */;
CREATE TABLE `SCENARIO` (
  `SCENARIO_ID` int(11) NOT NULL AUTO_INCREMENT,
  `SCENARIO_NAME` varchar(255) DEFAULT NULL,
  `CREATED_AT` datetime DEFAULT CURRENT_TIMESTAMP,
  `UPDATE_AT` datetime DEFAULT CURRENT_TIMESTAMP,
  `TIME_DURATION` int(11) NOT NULL,
  `CATEGORY` varchar(45) DEFAULT NULL,
  `COURSE_ID` int(11) DEFAULT NULL,
  PRIMARY KEY (`SCENARIO_ID`)
) ENGINE=InnoDB AUTO_INCREMENT=40 DEFAULT CHARSET=latin1;
/*!40101 SET character_set_client = @saved_cs_client */;

--
-- Dumping data for table `SCENARIO`
--

LOCK TABLES `SCENARIO` WRITE;
/*!40000 ALTER TABLE `SCENARIO` DISABLE KEYS */;
INSERT INTO `SCENARIO` VALUES (17,'Trauma','2017-09-18 19:49:20','2017-09-18 19:49:20',180,'Anesthesiology',24),(19,'Trauma(MVA)','2017-11-13 11:14:26','2017-11-13 11:14:26',900,'Surgery',24),(22,'Trauma MVA2','2017-11-17 11:50:58','2017-11-17 11:50:58',900,'Medical Emergency',24),(23,'Trauma MVA','2017-11-17 12:10:42','2017-11-17 12:10:42',900,'Medical Emergency',24),(26,'Anesthesiologist','2018-04-02 10:43:22','2018-04-02 10:43:22',120,'Anesthesiologist',24),(27,'Right Main Stem Intubation','2018-04-02 10:49:03','2018-04-02 10:49:03',300,'Anesthesiology',24),(28,'Right Thoracotomy','2018-04-03 11:03:18','2018-04-03 11:03:18',480,'Anestheology',25),(29,'Right Main Stem Intubation','2018-04-05 12:25:07','2018-04-05 12:25:07',180,'Anesthesiology',33),(30,'Anesthesiology Code skills','2018-07-19 12:53:49','2018-07-19 12:53:49',1200,'Anesthesiology',34),(31,'Test','2018-08-28 07:44:14','2018-08-28 07:44:14',1200,'nothoing',26),(32,'Right Main Stem Intubation','2018-08-31 13:04:37','2018-08-31 13:04:37',180,'Anesthesiology',36),(33,'Burn Scenario','2018-08-31 14:16:12','2018-08-31 14:16:12',43200,'PFC',37),(34,'MH','2018-09-17 13:28:01','2018-09-17 13:28:01',1200,'Anesthesiology Scenario',38),(35,'difficult airway','2018-09-19 09:40:08','2018-09-19 09:40:08',600,'anesthesiology',39),(36,'Pediatric Asthma Attack','2018-09-27 13:56:53','2018-09-27 13:56:53',1200,'Pediatric Care',40),(37,'Test 2','2018-09-27 21:44:11','2018-09-27 21:44:11',3000,'test1',37),(38,'Pre-hospital neonatal fever','2018-09-28 11:21:42','2018-09-28 11:21:42',1200,'Paramedic',41),(39,'Neonatal Fever','2018-09-28 11:27:09','2018-09-28 11:27:09',1200,'paramedic',41);
/*!40000 ALTER TABLE `SCENARIO` ENABLE KEYS */;
UNLOCK TABLES;

--
-- Table structure for table `SCENARIO_GOALS`
--

DROP TABLE IF EXISTS `SCENARIO_GOALS`;
/*!40101 SET @saved_cs_client     = @@character_set_client */;
/*!40101 SET character_set_client = utf8 */;
CREATE TABLE `SCENARIO_GOALS` (
  `GOAL_ID` int(11) NOT NULL AUTO_INCREMENT,
  `COURSE_ID` int(11) NOT NULL,
  `GOAL_NAME` text,
  `CREATED_AT` datetime DEFAULT CURRENT_TIMESTAMP,
  `UPDATE_AT` datetime DEFAULT CURRENT_TIMESTAMP,
  PRIMARY KEY (`GOAL_ID`)
) ENGINE=InnoDB AUTO_INCREMENT=73 DEFAULT CHARSET=latin1;
/*!40101 SET character_set_client = @saved_cs_client */;

--
-- Dumping data for table `SCENARIO_GOALS`
--

LOCK TABLES `SCENARIO_GOALS` WRITE;
/*!40000 ALTER TABLE `SCENARIO_GOALS` DISABLE KEYS */;
INSERT INTO `SCENARIO_GOALS` VALUES (59,24,'{\"objectives\":[\"lkdsjlksd\",\"sdfnsklnsd\",\"sdfnssf\",\"snfsdnksndfs\"],\"goalName\":\"dlfkjklsdas\"}','2018-09-20 06:11:40','2018-09-20 06:11:40'),(64,40,'{\"objectives\":[\"Demonstrates proficiency in conducting a primary and secondary assessment.\",\"Correctly identifies acute respiratory distress.\",\"Effectively applies skills for advanced management of the airway, effective ventilation and appropriate IV drug therapy.\",\"Calls for a defibrillator/monitor.\",\"Demonstrates correct technique in establishing IV access to deliver fluid and medications.\",\"Administers medications in the correct sequence and dosage.\",\"Demonstrates the ability to provide leadership to a team with multiple available interventions.\",\"Effectively communicates with other members of the healthcare team.\",\"Follows local protocols.\",\"Communicates in age-appropriate methods to child and parents.\"],\"goalName\":\"Demonstrates proficiency in the diagnosis, assessment, and prehospital treatment of Pediatric Asthma.\"}','2018-09-27 20:38:29','2018-09-27 20:38:29'),(70,41,'{\"objectives\":[\"Demonstrate ALS Neonate assessment\",\"Recognizes characteristics of increased work of breathing\",\"Identify primary signs utilized for evaluating neonate patients\",\"Prepare and deliver appropriate 02 therapy\",\"Prepare and deliver appropriate fluid therapy\",\"Determine when ventilator assistance is needed for neonates\",\"Recognize causes of shock in neonates\",\"Determine appropriate fluid volume \",\"Recognize and determine appropriate IV locations\",\"Scene size-up.\",\"Communicate properly with family/care givers\"],\"goalName\":\"Treatement of pre-hospital neonatal fever\"}','2018-09-28 11:48:16','2018-09-28 11:48:16'),(72,37,'{\"objectives\":[\"Objective 1\",\"Objective 2\",\"Objective 3\"],\"goalName\":\"Goal 1\"}','2018-10-08 02:27:05','2018-10-08 02:27:05');
/*!40000 ALTER TABLE `SCENARIO_GOALS` ENABLE KEYS */;
UNLOCK TABLES;

--
-- Table structure for table `SCENARIO_POSTASSESSMENT`
--

DROP TABLE IF EXISTS `SCENARIO_POSTASSESSMENT`;
/*!40101 SET @saved_cs_client     = @@character_set_client */;
/*!40101 SET character_set_client = utf8 */;
CREATE TABLE `SCENARIO_POSTASSESSMENT` (
  `QUESTION_ID` int(11) NOT NULL AUTO_INCREMENT,
  `COURSE_ID` int(11) NOT NULL,
  `QUESTIONTYPE` varchar(255) NOT NULL,
  `QUESTIONSTRING` varchar(255) NOT NULL,
  `DESCRIPTION` varchar(255) NOT NULL,
  `TEXT` mediumtext NOT NULL,
  `CREATED_AT` datetime DEFAULT CURRENT_TIMESTAMP,
  `UPDATE_AT` datetime DEFAULT CURRENT_TIMESTAMP,
  PRIMARY KEY (`QUESTION_ID`)
) ENGINE=InnoDB AUTO_INCREMENT=64 DEFAULT CHARSET=latin1;
/*!40101 SET character_set_client = @saved_cs_client */;

--
-- Dumping data for table `SCENARIO_POSTASSESSMENT`
--

LOCK TABLES `SCENARIO_POSTASSESSMENT` WRITE;
/*!40000 ALTER TABLE `SCENARIO_POSTASSESSMENT` DISABLE KEYS */;
INSERT INTO `SCENARIO_POSTASSESSMENT` VALUES (45,34,'numeric','testq','','{\"type\":\"numeric\",\"targetname\":\"testq\",\"description\":\"\",\"goal\":\"\"}','2018-08-28 13:46:00','2018-08-28 13:46:00'),(58,37,'numericRange','Mental Demand','How mentally demanding was the task? (Very Low =0, Very High=100)','{\"type\":\"numericRange\",\"targetname\":\"Mental Demand\",\"description\":\"How mentally demanding was the task? (Very Low =0, Very High=100)\",\"goal\":\"\",\"minInt\":0,\"maxInt\":100}','2018-10-08 02:43:19','2018-10-08 02:43:19'),(59,37,'numericRange','Physical Demand','How physically demanding was the task? (Very Low =0, Very High=100)','{\"type\":\"numericRange\",\"targetname\":\"Physical Demand\",\"description\":\"How physically demanding was the task? (Very Low =0, Very High=100)\",\"goal\":\"\",\"minInt\":0,\"maxInt\":100}','2018-10-08 02:43:19','2018-10-08 02:43:19'),(60,37,'numericRange','Temporal Demand','How hurried or rushed was the pace of the task? (Very Low =0, Very High=100)','{\"type\":\"numericRange\",\"targetname\":\"Temporal Demand\",\"description\":\"How hurried or rushed was the pace of the task? (Very Low =0, Very High=100)\",\"goal\":\"\",\"minInt\":0,\"maxInt\":100}','2018-10-08 02:43:19','2018-10-08 02:43:19'),(61,37,'numericRange','Performance','How successful were you in accomplishing what you were asked to do? (Failure = 0, Perfect=100)','{\"type\":\"numericRange\",\"targetname\":\"Performance\",\"description\":\"How successful were you in accomplishing what you were asked to do? (Failure = 0, Perfect=100)\",\"goal\":\"\",\"minInt\":0,\"maxInt\":100}','2018-10-08 02:43:19','2018-10-08 02:43:19'),(62,37,'numericRange','Effort','How hard did you have to work to accomplish your level of performance? (Very Low =0, Very High=100)','{\"type\":\"numericRange\",\"targetname\":\"Effort\",\"description\":\"How hard did you have to work to accomplish your level of performance? (Very Low =0, Very High=100)\",\"goal\":\"\",\"minInt\":0,\"maxInt\":100}','2018-10-08 02:43:19','2018-10-08 02:43:19'),(63,37,'numericRange','Frustration','How insecure, discouraged, irritated, stressed, and annoyed were you? (Very Low =0, Very High=100)','{\"type\":\"numericRange\",\"targetname\":\"Frustration\",\"description\":\"How insecure, discouraged, irritated, stressed, and annoyed were you? (Very Low =0, Very High=100)\",\"goal\":\"\",\"minInt\":0,\"maxInt\":100}','2018-10-08 02:43:19','2018-10-08 02:43:19');
/*!40000 ALTER TABLE `SCENARIO_POSTASSESSMENT` ENABLE KEYS */;
UNLOCK TABLES;

--
-- Table structure for table `SCENARIO_PREASSESSMENT`
--

DROP TABLE IF EXISTS `SCENARIO_PREASSESSMENT`;
/*!40101 SET @saved_cs_client     = @@character_set_client */;
/*!40101 SET character_set_client = utf8 */;
CREATE TABLE `SCENARIO_PREASSESSMENT` (
  `QUESTION_ID` int(11) NOT NULL AUTO_INCREMENT,
  `COURSE_ID` int(11) NOT NULL,
  `QUESTIONTYPE` varchar(255) NOT NULL,
  `QUESTIONSTRING` varchar(255) NOT NULL,
  `DESCRIPTION` varchar(255) DEFAULT NULL,
  `TEXT` mediumtext NOT NULL,
  `CREATED_AT` datetime DEFAULT CURRENT_TIMESTAMP,
  `UPDATE_AT` datetime DEFAULT CURRENT_TIMESTAMP,
  PRIMARY KEY (`QUESTION_ID`)
) ENGINE=InnoDB AUTO_INCREMENT=166 DEFAULT CHARSET=latin1;
/*!40101 SET character_set_client = @saved_cs_client */;

--
-- Dumping data for table `SCENARIO_PREASSESSMENT`
--

LOCK TABLES `SCENARIO_PREASSESSMENT` WRITE;
/*!40000 ALTER TABLE `SCENARIO_PREASSESSMENT` DISABLE KEYS */;
INSERT INTO `SCENARIO_PREASSESSMENT` VALUES (48,34,'numeric','Q1','654','{\"type\":\"numeric\",\"targetname\":\"Q1\",\"description\":\"654\",\"goal\":\"\"}','2018-08-28 12:49:27','2018-08-28 12:49:27'),(49,34,'multipleChoice','Test 1','hello','{\"type\":\"multipleChoice\",\"targetname\":\"Test 1\",\"description\":\"hello\",\"goal\":\"\",\"options\":[\"hr\",\"he\",\"ki\"],\"multiplecheckbox\":false}','2018-08-28 12:49:27','2018-08-28 12:49:27'),(53,24,'multipleChoice','Q2','da','{\"type\":\"multipleChoice\",\"targetname\":\"Q2\",\"description\":\"da\",\"goal\":\"\",\"options\":[\"one\",\"two\",\"three\"],\"multiplecheckbox\":false}','2018-08-31 09:29:18','2018-08-31 09:29:18'),(65,39,'numericRange','How much knowledge or experience do you have with airways? Rate on a 0-10 scale where 10 is the highest level of knowledge or experience','','{\"type\":\"numericRange\",\"targetname\":\"How much knowledge or experience do you have with airways? Rate on a 0-10 scale where 10 is the highest level of knowledge or experience\",\"description\":\"\",\"goal\":\"assess airway\",\"minInt\":0,\"maxInt\":10}','2018-09-19 09:38:04','2018-09-19 09:38:04'),(66,39,'multipleChoice','What are the necessary aspects of an airway assessment','','{\"type\":\"multipleChoice\",\"targetname\":\"What are the necessary aspects of an airway assessment\",\"description\":\"\",\"goal\":\"assess airway\",\"options\":[\"mouth opening\",\" mallimpatti score\",\" mandibular distance\",\" neck circumference\",\"\"],\"multiplecheckbox\":true}','2018-09-19 09:38:04','2018-09-19 09:38:04'),(67,39,'numeric','What is a normal end-tidal CO2?','','{\"type\":\"numeric\",\"targetname\":\"What is a normal end-tidal CO2?\",\"description\":\"\",\"goal\":\"assess airway\"}','2018-09-19 09:38:04','2018-09-19 09:38:04'),(137,40,'numericRange','How confident are you in treating pediatric patients?','0-Low 100-High','{\"type\":\"numericRange\",\"targetname\":\"How confident are you in treating pediatric patients?\",\"description\":\"0-Low 100-High\",\"goal\":\"\",\"minInt\":0,\"maxInt\":100}','2018-09-27 21:41:49','2018-09-27 21:41:49'),(138,40,'numericRange','Rate you confidence in treating Asthma','0-Low 100-High','{\"type\":\"numericRange\",\"targetname\":\"Rate you confidence in treating Asthma\",\"description\":\"0-Low 100-High\",\"goal\":\"Correctly identifies acute respiratory distress.\",\"minInt\":0,\"maxInt\":100}','2018-09-27 21:41:49','2018-09-27 21:41:49'),(139,40,'numericRange','Rate Your Confidence level in drug therapy and skills necessary in treating pediatric asthma. ','0-Low 100-high','{\"type\":\"numericRange\",\"targetname\":\"Rate Your Confidence level in drug therapy and skills necessary in treating pediatric asthma. \",\"description\":\"0-Low 100-high\",\"goal\":\"Effectively applies skills for advanced management of the airway, effective ventilation and appropriate IV drug therapy.\",\"minInt\":0,\"maxInt\":100}','2018-09-27 21:41:49','2018-09-27 21:41:49'),(140,40,'numericRange','Rate Your ability to Communicate with pediatric patients and their families or care givers.','0-Low 100-High','{\"type\":\"numericRange\",\"targetname\":\"Rate Your ability to Communicate with pediatric patients and their families or care givers.\",\"description\":\"0-Low 100-High\",\"goal\":\"Communicates in age-appropriate methods to child and parents.\",\"minInt\":0,\"maxInt\":100}','2018-09-27 21:41:49','2018-09-27 21:41:49'),(141,40,'numeric','Test1','','{\"type\":\"numeric\",\"targetname\":\"Test1\",\"description\":\"\",\"goal\":[\"Demonstrates proficiency in conducting a primary and secondary assessment.\",\"Calls for a defibrillator/monitor.\",\"Effectively communicates with other members of the healthcare team.\"]}','2018-09-27 21:41:49','2018-09-27 21:41:49'),(142,40,'numericRange','Mental Demand','How mentally demanding was the task? (Very Low =0, Very High=100)','{\"type\":\"numericRange\",\"targetname\":\"Mental Demand\",\"description\":\"How mentally demanding was the task? (Very Low =0, Very High=100)\",\"goal\":\"\",\"minInt\":0,\"maxInt\":100}','2018-09-27 21:41:49','2018-09-27 21:41:49'),(143,40,'numericRange','Physical Demand','How physically demanding was the task? (Very Low =0, Very High=100)','{\"type\":\"numericRange\",\"targetname\":\"Physical Demand\",\"description\":\"How physically demanding was the task? (Very Low =0, Very High=100)\",\"goal\":\"\",\"minInt\":0,\"maxInt\":100}','2018-09-27 21:41:49','2018-09-27 21:41:49'),(144,40,'numericRange','Temporal Demand','How hurried or rushed was the pace of the task? (Very Low =0, Very High=100)','{\"type\":\"numericRange\",\"targetname\":\"Temporal Demand\",\"description\":\"How hurried or rushed was the pace of the task? (Very Low =0, Very High=100)\",\"goal\":\"\",\"minInt\":0,\"maxInt\":100}','2018-09-27 21:41:49','2018-09-27 21:41:49'),(145,40,'numericRange','Performance','How successful were you in accomplishing what you were asked to do? (Failure = 0, Perfect=100)','{\"type\":\"numericRange\",\"targetname\":\"Performance\",\"description\":\"How successful were you in accomplishing what you were asked to do? (Failure = 0, Perfect=100)\",\"goal\":\"\",\"minInt\":0,\"maxInt\":100}','2018-09-27 21:41:49','2018-09-27 21:41:49'),(146,40,'numericRange','Effort','How hard did you have to work to accomplish your level of performance? (Very Low =0, Very High=100)','{\"type\":\"numericRange\",\"targetname\":\"Effort\",\"description\":\"How hard did you have to work to accomplish your level of performance? (Very Low =0, Very High=100)\",\"goal\":\"\",\"minInt\":0,\"maxInt\":100}','2018-09-27 21:41:49','2018-09-27 21:41:49'),(147,40,'numericRange','Frustration','How insecure, discouraged, irritated, stressed, and annoyed were you? (Very Low =0, Very High=100)','{\"type\":\"numericRange\",\"targetname\":\"Frustration\",\"description\":\"How insecure, discouraged, irritated, stressed, and annoyed were you? (Very Low =0, Very High=100)\",\"goal\":\"\",\"minInt\":0,\"maxInt\":100}','2018-09-27 21:41:49','2018-09-27 21:41:49'),(163,37,'numericRange','Q3','','{\"type\":\"numericRange\",\"targetname\":\"Q3\",\"description\":\"\",\"goals\":\"Objective 1\",\"minInt\":1,\"maxInt\":100}','2018-10-08 03:02:33','2018-10-08 03:02:33'),(164,37,'numericRange','Q4','','{\"type\":\"numericRange\",\"targetname\":\"Q4\",\"description\":\"\",\"goals\":\"\",\"minInt\":0,\"maxInt\":100}','2018-10-08 03:02:33','2018-10-08 03:02:33'),(165,37,'numericRange','Q3231','','{\"type\":\"numericRange\",\"targetname\":\"Q3231\",\"description\":\"\",\"goals\":\"Objective 1\",\"minInt\":0,\"maxInt\":100}','2018-10-08 03:02:33','2018-10-08 03:02:33');
/*!40000 ALTER TABLE `SCENARIO_PREASSESSMENT` ENABLE KEYS */;
UNLOCK TABLES;

--
-- Table structure for table `SCENARIO_ROLE`
--

DROP TABLE IF EXISTS `SCENARIO_ROLE`;
/*!40101 SET @saved_cs_client     = @@character_set_client */;
/*!40101 SET character_set_client = utf8 */;
CREATE TABLE `SCENARIO_ROLE` (
  `SCENARIO_ROLE_ID` int(11) NOT NULL AUTO_INCREMENT,
  `SCENARIO_ID` int(11) NOT NULL,
  `ROLE_NAME` varchar(255) DEFAULT NULL,
  `CREATED_AT` datetime DEFAULT CURRENT_TIMESTAMP,
  `UPDATE_AT` datetime DEFAULT CURRENT_TIMESTAMP,
  `NUMBER` int(11) NOT NULL,
  PRIMARY KEY (`SCENARIO_ROLE_ID`)
) ENGINE=InnoDB AUTO_INCREMENT=47 DEFAULT CHARSET=latin1;
/*!40101 SET character_set_client = @saved_cs_client */;

--
-- Dumping data for table `SCENARIO_ROLE`
--

LOCK TABLES `SCENARIO_ROLE` WRITE;
/*!40000 ALTER TABLE `SCENARIO_ROLE` DISABLE KEYS */;
INSERT INTO `SCENARIO_ROLE` VALUES (9,15,'Nurse','2017-09-12 04:19:46','2017-09-12 04:19:46',2),(10,15,'Doctors','2017-09-12 04:19:46','2017-09-12 04:19:46',3),(11,16,'Head Nurse','2017-09-12 08:28:33','2017-09-12 08:28:33',1),(12,16,'Nurses j','2017-09-12 08:28:33','2017-09-12 08:28:33',2),(13,16,'Doctor','2017-09-12 08:28:33','2017-09-12 08:28:33',1),(14,17,'Doctor','2017-09-18 19:49:20','2017-09-18 19:49:20',1),(15,17,'Nurse','2017-09-18 19:49:20','2017-09-18 19:49:20',2),(16,18,'computer Engineer','2017-10-08 22:22:59','2017-10-08 22:22:59',1),(17,18,'manager','2017-10-08 22:22:59','2017-10-08 22:22:59',1),(18,18,'intern','2017-10-08 22:22:59','2017-10-08 22:22:59',1),(19,18,'project manager','2017-10-08 22:22:59','2017-10-08 22:22:59',1),(20,18,'client','2017-10-08 22:22:59','2017-10-08 22:22:59',1),(21,18,'goverment','2017-10-08 22:22:59','2017-10-08 22:22:59',1),(22,19,'Surgeon','2017-11-13 11:14:26','2017-11-13 11:14:26',1),(23,19,'Nurse','2017-11-13 11:14:26','2017-11-13 11:14:26',1),(24,19,'Anesthesiologist','2017-11-13 11:14:26','2017-11-13 11:14:26',1),(25,20,'ER Docter','2017-11-17 05:39:22','2017-11-17 05:39:22',1),(26,21,'ER Doctor','2017-11-17 05:47:50','2017-11-17 05:47:50',1),(27,22,'ER Doctor','2017-11-17 11:50:58','2017-11-17 11:50:58',1),(28,23,'ER Doctor','2017-11-17 12:10:42','2017-11-17 12:10:42',1),(29,24,'Doctor','2018-03-04 02:09:24','2018-03-04 02:09:24',1),(30,25,'Doctor','2018-03-04 02:11:29','2018-03-04 02:11:29',1),(31,26,'Anesthesiologist','2018-04-02 10:43:22','2018-04-02 10:43:22',1),(32,27,'Anesthesiologist','2018-04-02 10:49:03','2018-04-02 10:49:03',1),(33,28,'Anestheologist','2018-04-03 11:03:18','2018-04-03 11:03:18',1),(34,29,'Anesthesiologist','2018-04-05 12:25:07','2018-04-05 12:25:07',1),(35,30,'Anesthesiologist','2018-07-19 12:53:49','2018-07-19 12:53:49',1),(36,31,'Doctor','2018-08-28 07:44:14','2018-08-28 07:44:14',1),(37,32,'Anesthesiologist','2018-08-31 13:04:37','2018-08-31 13:04:37',1),(38,33,'Medic','2018-08-31 14:16:12','2018-08-31 14:16:12',1),(39,34,'Anesthesiologist','2018-09-17 13:28:01','2018-09-17 13:28:01',1),(40,35,'anesthesiology trainee','2018-09-19 09:40:08','2018-09-19 09:40:08',1),(41,35,'circulating nurse','2018-09-19 09:40:08','2018-09-19 09:40:08',1),(42,35,'surgeon','2018-09-19 09:40:08','2018-09-19 09:40:08',1),(43,36,'Team Lead','2018-09-27 13:56:53','2018-09-27 13:56:53',1),(44,37,'Team Lead','2018-09-27 21:44:11','2018-09-27 21:44:11',1),(45,38,'Team Lead','2018-09-28 11:21:42','2018-09-28 11:21:42',1),(46,39,'Team Lead','2018-09-28 11:27:09','2018-09-28 11:27:09',1);
/*!40000 ALTER TABLE `SCENARIO_ROLE` ENABLE KEYS */;
UNLOCK TABLES;

--
-- Table structure for table `users`
--

DROP TABLE IF EXISTS `users`;
/*!40101 SET @saved_cs_client     = @@character_set_client */;
/*!40101 SET character_set_client = utf8 */;
CREATE TABLE `users` (
  `id` int(10) unsigned NOT NULL AUTO_INCREMENT,
  `username` varchar(45) NOT NULL,
  `password` char(60) NOT NULL,
  `fname` varchar(45) NOT NULL,
  `lname` varchar(45) NOT NULL,
  `discipline` varchar(45) NOT NULL,
  `experience` int(11) NOT NULL,
  PRIMARY KEY (`id`),
  UNIQUE KEY `id_UNIQUE` (`id`),
  UNIQUE KEY `username_UNIQUE` (`username`)
) ENGINE=InnoDB AUTO_INCREMENT=5 DEFAULT CHARSET=latin1;
/*!40101 SET character_set_client = @saved_cs_client */;

--
-- Dumping data for table `users`
--

LOCK TABLES `users` WRITE;
/*!40000 ALTER TABLE `users` DISABLE KEYS */;
INSERT INTO `users` VALUES (1,'mowais','$2a$10$ZzsIfwXKVy.mxD.nUni9AuDxPP57WNVevU6g44k1fN/GLeUrNiMXW','hamza','owais','CS',1),(3,'mowais1','$2a$10$HMHNLMFL2/KsZYHsJjs8YeOzoLXbnPXVKqZ.N8rcCtcH8vK/teniq','hamza','owais','cd',1),(4,'spappada','$2a$10$uDjZsqLT84rBaAozxuIKVOXNeTU.5F0JAQBMcwu32X76UaXZJ0QJi','Scott ','Pappada','Department of Anesthesiology',1);
/*!40000 ALTER TABLE `users` ENABLE KEYS */;
UNLOCK TABLES;
/*!40103 SET TIME_ZONE=@OLD_TIME_ZONE */;

/*!40101 SET SQL_MODE=@OLD_SQL_MODE */;
/*!40014 SET FOREIGN_KEY_CHECKS=@OLD_FOREIGN_KEY_CHECKS */;
/*!40014 SET UNIQUE_CHECKS=@OLD_UNIQUE_CHECKS */;
/*!40101 SET CHARACTER_SET_CLIENT=@OLD_CHARACTER_SET_CLIENT */;
/*!40101 SET CHARACTER_SET_RESULTS=@OLD_CHARACTER_SET_RESULTS */;
/*!40101 SET COLLATION_CONNECTION=@OLD_COLLATION_CONNECTION */;
/*!40111 SET SQL_NOTES=@OLD_SQL_NOTES */;

-- Dump completed on 2018-10-08  7:44:14
